Apache Maven 3.9.12 (848fbb4bf2d427b72bdb2471c22fced7ebd9a7a1)
Maven home: C:\Users\pchikkag\.m2\wrapper\dists\apache-maven-3.9.12\59fe215c0ad6947fea90184bf7add084544567b927287592651fda3782e0e798
Java version: 25.0.1, vendor: Eclipse Adoptium, runtime: C:\Program Files\Eclipse Adoptium\jdk-25.0.1.8-hotspot
Default locale: en_IN, platform encoding: UTF-8
OS name: "windows 11", version: "10.0", arch: "amd64", family: "windows"
[DEBUG] Created new class realm maven.api
[DEBUG] Importing foreign packages into class realm maven.api
[DEBUG]   Imported: javax.annotation.* < plexus.core
[DEBUG]   Imported: javax.annotation.security.* < plexus.core
[DEBUG]   Imported: javax.inject.* < plexus.core
[DEBUG]   Imported: org.apache.maven.* < plexus.core
[DEBUG]   Imported: org.apache.maven.artifact < plexus.core
[DEBUG]   Imported: org.apache.maven.classrealm < plexus.core
[DEBUG]   Imported: org.apache.maven.cli < plexus.core
[DEBUG]   Imported: org.apache.maven.configuration < plexus.core
[DEBUG]   Imported: org.apache.maven.exception < plexus.core
[DEBUG]   Imported: org.apache.maven.execution < plexus.core
[DEBUG]   Imported: org.apache.maven.execution.scope < plexus.core
[DEBUG]   Imported: org.apache.maven.graph < plexus.core
[DEBUG]   Imported: org.apache.maven.lifecycle < plexus.core
[DEBUG]   Imported: org.apache.maven.model < plexus.core
[DEBUG]   Imported: org.apache.maven.monitor < plexus.core
[DEBUG]   Imported: org.apache.maven.plugin < plexus.core
[DEBUG]   Imported: org.apache.maven.profiles < plexus.core
[DEBUG]   Imported: org.apache.maven.project < plexus.core
[DEBUG]   Imported: org.apache.maven.reporting < plexus.core
[DEBUG]   Imported: org.apache.maven.repository < plexus.core
[DEBUG]   Imported: org.apache.maven.rtinfo < plexus.core
[DEBUG]   Imported: org.apache.maven.settings < plexus.core
[DEBUG]   Imported: org.apache.maven.toolchain < plexus.core
[DEBUG]   Imported: org.apache.maven.usability < plexus.core
[DEBUG]   Imported: org.apache.maven.wagon.* < plexus.core
[DEBUG]   Imported: org.apache.maven.wagon.authentication < plexus.core
[DEBUG]   Imported: org.apache.maven.wagon.authorization < plexus.core
[DEBUG]   Imported: org.apache.maven.wagon.events < plexus.core
[DEBUG]   Imported: org.apache.maven.wagon.observers < plexus.core
[DEBUG]   Imported: org.apache.maven.wagon.proxy < plexus.core
[DEBUG]   Imported: org.apache.maven.wagon.repository < plexus.core
[DEBUG]   Imported: org.apache.maven.wagon.resource < plexus.core
[DEBUG]   Imported: org.codehaus.classworlds < plexus.core
[DEBUG]   Imported: org.codehaus.plexus.* < plexus.core
[DEBUG]   Imported: org.codehaus.plexus.classworlds < plexus.core
[DEBUG]   Imported: org.codehaus.plexus.component < plexus.core
[DEBUG]   Imported: org.codehaus.plexus.configuration < plexus.core
[DEBUG]   Imported: org.codehaus.plexus.container < plexus.core
[DEBUG]   Imported: org.codehaus.plexus.context < plexus.core
[DEBUG]   Imported: org.codehaus.plexus.lifecycle < plexus.core
[DEBUG]   Imported: org.codehaus.plexus.logging < plexus.core
[DEBUG]   Imported: org.codehaus.plexus.personality < plexus.core
[DEBUG]   Imported: org.codehaus.plexus.util.xml.Xpp3Dom < plexus.core
[DEBUG]   Imported: org.codehaus.plexus.util.xml.pull.XmlPullParser < plexus.core
[DEBUG]   Imported: org.codehaus.plexus.util.xml.pull.XmlPullParserException < plexus.core
[DEBUG]   Imported: org.codehaus.plexus.util.xml.pull.XmlSerializer < plexus.core
[DEBUG]   Imported: org.eclipse.aether.* < plexus.core
[DEBUG]   Imported: org.eclipse.aether.artifact < plexus.core
[DEBUG]   Imported: org.eclipse.aether.collection < plexus.core
[DEBUG]   Imported: org.eclipse.aether.deployment < plexus.core
[DEBUG]   Imported: org.eclipse.aether.graph < plexus.core
[DEBUG]   Imported: org.eclipse.aether.impl < plexus.core
[DEBUG]   Imported: org.eclipse.aether.installation < plexus.core
[DEBUG]   Imported: org.eclipse.aether.internal.impl < plexus.core
[DEBUG]   Imported: org.eclipse.aether.metadata < plexus.core
[DEBUG]   Imported: org.eclipse.aether.repository < plexus.core
[DEBUG]   Imported: org.eclipse.aether.resolution < plexus.core
[DEBUG]   Imported: org.eclipse.aether.spi < plexus.core
[DEBUG]   Imported: org.eclipse.aether.transfer < plexus.core
[DEBUG]   Imported: org.eclipse.aether.util < plexus.core
[DEBUG]   Imported: org.eclipse.aether.version < plexus.core
[DEBUG]   Imported: org.fusesource.jansi.* < plexus.core
[DEBUG]   Imported: org.slf4j.* < plexus.core
[DEBUG]   Imported: org.slf4j.event.* < plexus.core
[DEBUG]   Imported: org.slf4j.helpers.* < plexus.core
[DEBUG]   Imported: org.slf4j.spi.* < plexus.core
[DEBUG] Populating class realm maven.api
[DEBUG] Created adapter factory; available factories [file-lock, rwlock-local, semaphore-local, noop]; available name mappers [discriminating, file-gaecv, file-gav, file-hgaecv, file-hgav, file-static, gaecv, gav, static]
[INFO] Error stacktraces are turned on.
[DEBUG] Message scheme: plain
[DEBUG] Reading global settings from C:\Users\pchikkag\.m2\wrapper\dists\apache-maven-3.9.12\59fe215c0ad6947fea90184bf7add084544567b927287592651fda3782e0e798\conf\settings.xml
[DEBUG] Reading user settings from C:\Users\pchikkag\.m2\settings.xml
[DEBUG] Reading global toolchains from C:\Users\pchikkag\.m2\wrapper\dists\apache-maven-3.9.12\59fe215c0ad6947fea90184bf7add084544567b927287592651fda3782e0e798\conf\toolchains.xml
[DEBUG] Reading user toolchains from C:\Users\pchikkag\.m2\toolchains.xml
[DEBUG] Using local repository at C:\Users\pchikkag\.m2\repository
[DEBUG] Using manager EnhancedLocalRepositoryManager with priority 10.0 for C:\Users\pchikkag\.m2\repository
[INFO] Scanning for projects...
[DEBUG] Creating adapter using nameMapper 'gaecv' and factory 'rwlock-local'
[DEBUG] Extension realms for project com.SkyRoute:UserService:jar:0.0.1-SNAPSHOT: (none)
[DEBUG] Looking up lifecycle mappings for packaging jar from ClassRealm[plexus.core, parent: null]
[DEBUG] Extension realms for project org.springframework.boot:spring-boot-starter-parent:pom:3.3.6: (none)
[DEBUG] Looking up lifecycle mappings for packaging pom from ClassRealm[plexus.core, parent: null]
[DEBUG] Extension realms for project org.springframework.boot:spring-boot-dependencies:pom:3.3.6: (none)
[DEBUG] Looking up lifecycle mappings for packaging pom from ClassRealm[plexus.core, parent: null]
[DEBUG] === REACTOR BUILD PLAN ================================================
[DEBUG] Project: com.SkyRoute:UserService:jar:0.0.1-SNAPSHOT
[DEBUG] Tasks:   [test]
[DEBUG] Style:   Regular
[DEBUG] =======================================================================
[INFO] 
[INFO] ----------------------< com.SkyRoute:UserService >----------------------
[INFO] Building UserService 0.0.1-SNAPSHOT
[INFO]   from pom.xml
[INFO] --------------------------------[ jar ]---------------------------------
[DEBUG] Lifecycle clean -> [pre-clean, clean, post-clean]
[DEBUG] Lifecycle default -> [validate, initialize, generate-sources, process-sources, generate-resources, process-resources, compile, process-classes, generate-test-sources, process-test-sources, generate-test-resources, process-test-resources, test-compile, process-test-classes, test, prepare-package, package, pre-integration-test, integration-test, post-integration-test, verify, install, deploy]
[DEBUG] Lifecycle site -> [pre-site, site, post-site, site-deploy]
[DEBUG] Lifecycle clean -> [pre-clean, clean, post-clean]
[DEBUG] Lifecycle default -> [validate, initialize, generate-sources, process-sources, generate-resources, process-resources, compile, process-classes, generate-test-sources, process-test-sources, generate-test-resources, process-test-resources, test-compile, process-test-classes, test, prepare-package, package, pre-integration-test, integration-test, post-integration-test, verify, install, deploy]
[DEBUG] Lifecycle site -> [pre-site, site, post-site, site-deploy]
[DEBUG] Lifecycle clean -> [pre-clean, clean, post-clean]
[DEBUG] Lifecycle default -> [validate, initialize, generate-sources, process-sources, generate-resources, process-resources, compile, process-classes, generate-test-sources, process-test-sources, generate-test-resources, process-test-resources, test-compile, process-test-classes, test, prepare-package, package, pre-integration-test, integration-test, post-integration-test, verify, install, deploy]
[DEBUG] Lifecycle site -> [pre-site, site, post-site, site-deploy]
[DEBUG] Lifecycle clean -> [pre-clean, clean, post-clean]
[DEBUG] Lifecycle default -> [validate, initialize, generate-sources, process-sources, generate-resources, process-resources, compile, process-classes, generate-test-sources, process-test-sources, generate-test-resources, process-test-resources, test-compile, process-test-classes, test, prepare-package, package, pre-integration-test, integration-test, post-integration-test, verify, install, deploy]
[DEBUG] Lifecycle site -> [pre-site, site, post-site, site-deploy]
[DEBUG] Lifecycle clean -> [pre-clean, clean, post-clean]
[DEBUG] Lifecycle default -> [validate, initialize, generate-sources, process-sources, generate-resources, process-resources, compile, process-classes, generate-test-sources, process-test-sources, generate-test-resources, process-test-resources, test-compile, process-test-classes, test, prepare-package, package, pre-integration-test, integration-test, post-integration-test, verify, install, deploy]
[DEBUG] Lifecycle site -> [pre-site, site, post-site, site-deploy]
[DEBUG] Lifecycle clean -> [pre-clean, clean, post-clean]
[DEBUG] Lifecycle default -> [validate, initialize, generate-sources, process-sources, generate-resources, process-resources, compile, process-classes, generate-test-sources, process-test-sources, generate-test-resources, process-test-resources, test-compile, process-test-classes, test, prepare-package, package, pre-integration-test, integration-test, post-integration-test, verify, install, deploy]
[DEBUG] Lifecycle site -> [pre-site, site, post-site, site-deploy]
[DEBUG] === PROJECT BUILD PLAN ================================================
[DEBUG] Project:       com.SkyRoute:UserService:0.0.1-SNAPSHOT
[DEBUG] Dependencies (collect): []
[DEBUG] Dependencies (resolve): [compile, test]
[DEBUG] Repositories (dependencies): [central (https://repo.maven.apache.org/maven2, default, releases)]
[DEBUG] Repositories (plugins)     : [central (https://repo.maven.apache.org/maven2, default, releases)]
[DEBUG] -----------------------------------------------------------------------
[DEBUG] Goal:          org.apache.maven.plugins:maven-resources-plugin:3.3.1:resources (default-resources)
[DEBUG] Style:         Regular
[DEBUG] Configuration: <?xml version="1.0" encoding="UTF-8"?>
<configuration>
  <addDefaultExcludes default-value="true"/>
  <buildFilters default-value="${project.build.filters}"/>
  <delimiters>
    <delimiter>@</delimiter>
  </delimiters>
  <encoding default-value="${project.build.sourceEncoding}"/>
  <escapeWindowsPaths default-value="true"/>
  <fileNameFiltering default-value="false"/>
  <includeEmptyDirs default-value="false"/>
  <outputDirectory default-value="${project.build.outputDirectory}"/>
  <overwrite default-value="false"/>
  <project default-value="${project}"/>
  <propertiesEncoding>UTF-8</propertiesEncoding>
  <resources default-value="${project.resources}"/>
  <session default-value="${session}"/>
  <skip default-value="false">${maven.resources.skip}</skip>
  <supportMultiLineFiltering default-value="false"/>
  <useBuildFilters default-value="true"/>
  <useDefaultDelimiters default-value="true">false</useDefaultDelimiters>
</configuration>
[DEBUG] -----------------------------------------------------------------------
[DEBUG] Goal:          org.apache.maven.plugins:maven-compiler-plugin:3.13.0:compile (default-compile)
[DEBUG] Style:         Regular
[DEBUG] Configuration: <?xml version="1.0" encoding="UTF-8"?>
<configuration>
  <annotationProcessorPathsUseDepMgmt default-value="false"/>
  <basedir default-value="${basedir}"/>
  <buildDirectory default-value="${project.build.directory}"/>
  <compilePath default-value="${project.compileClasspathElements}"/>
  <compileSourceRoots default-value="${project.compileSourceRoots}"/>
  <compilerId default-value="javac">${maven.compiler.compilerId}</compilerId>
  <compilerReuseStrategy default-value="${reuseCreated}">${maven.compiler.compilerReuseStrategy}</compilerReuseStrategy>
  <compilerVersion>${maven.compiler.compilerVersion}</compilerVersion>
  <createMissingPackageInfoClass default-value="true">${maven.compiler.createMissingPackageInfoClass}</createMissingPackageInfoClass>
  <debug default-value="true">${maven.compiler.debug}</debug>
  <debugFileName default-value="javac"/>
  <debuglevel>${maven.compiler.debuglevel}</debuglevel>
  <enablePreview default-value="false">${maven.compiler.enablePreview}</enablePreview>
  <encoding default-value="${project.build.sourceEncoding}">${encoding}</encoding>
  <executable>${maven.compiler.executable}</executable>
  <failOnError default-value="true">${maven.compiler.failOnError}</failOnError>
  <failOnWarning default-value="false">${maven.compiler.failOnWarning}</failOnWarning>
  <fileExtensions default-value="class,jar"/>
  <forceJavacCompilerUse default-value="false">${maven.compiler.forceJavacCompilerUse}</forceJavacCompilerUse>
  <forceLegacyJavacApi default-value="false">${maven.compiler.forceLegacyJavacApi}</forceLegacyJavacApi>
  <fork default-value="false">${maven.compiler.fork}</fork>
  <generatedSourcesDirectory default-value="${project.build.directory}/generated-sources/annotations"/>
  <implicit>${maven.compiler.implicit}</implicit>
  <maxmem>${maven.compiler.maxmem}</maxmem>
  <meminitial>${maven.compiler.meminitial}</meminitial>
  <mojoExecution default-value="${mojoExecution}"/>
  <optimize default-value="false">${maven.compiler.optimize}</optimize>
  <outputDirectory default-value="${project.build.outputDirectory}">${maven.compiler.outputDirectory}</outputDirectory>
  <outputTimestamp default-value="${project.build.outputTimestamp}"/>
  <parameters default-value="false">true</parameters>
  <proc>${maven.compiler.proc}</proc>
  <project default-value="${project}"/>
  <projectArtifact default-value="${project.artifact}"/>
  <release>${maven.compiler.release}</release>
  <session default-value="${session}"/>
  <showCompilationChanges default-value="false">${maven.compiler.showCompilationChanges}</showCompilationChanges>
  <showDeprecation default-value="false">${maven.compiler.showDeprecation}</showDeprecation>
  <showWarnings default-value="true">${maven.compiler.showWarnings}</showWarnings>
  <skipMain>${maven.main.skip}</skipMain>
  <skipMultiThreadWarning default-value="false">${maven.compiler.skipMultiThreadWarning}</skipMultiThreadWarning>
  <source default-value="1.8">${maven.compiler.source}</source>
  <staleMillis default-value="0">${lastModGranularityMs}</staleMillis>
  <target default-value="1.8">${maven.compiler.target}</target>
  <useIncrementalCompilation default-value="true">${maven.compiler.useIncrementalCompilation}</useIncrementalCompilation>
  <verbose default-value="false">${maven.compiler.verbose}</verbose>
</configuration>
[DEBUG] -----------------------------------------------------------------------
[DEBUG] Goal:          org.apache.maven.plugins:maven-resources-plugin:3.3.1:testResources (default-testResources)
[DEBUG] Style:         Regular
[DEBUG] Configuration: <?xml version="1.0" encoding="UTF-8"?>
<configuration>
  <addDefaultExcludes default-value="true"/>
  <buildFilters default-value="${project.build.filters}"/>
  <delimiters>
    <delimiter>@</delimiter>
  </delimiters>
  <encoding default-value="${project.build.sourceEncoding}"/>
  <escapeWindowsPaths default-value="true"/>
  <fileNameFiltering default-value="false"/>
  <includeEmptyDirs default-value="false"/>
  <outputDirectory default-value="${project.build.testOutputDirectory}"/>
  <overwrite default-value="false"/>
  <project default-value="${project}"/>
  <propertiesEncoding>UTF-8</propertiesEncoding>
  <resources default-value="${project.testResources}"/>
  <session default-value="${session}"/>
  <skip default-value="false">${maven.test.skip}</skip>
  <supportMultiLineFiltering default-value="false"/>
  <useBuildFilters default-value="true"/>
  <useDefaultDelimiters default-value="true">false</useDefaultDelimiters>
</configuration>
[DEBUG] -----------------------------------------------------------------------
[DEBUG] Goal:          org.apache.maven.plugins:maven-compiler-plugin:3.13.0:testCompile (default-testCompile)
[DEBUG] Style:         Regular
[DEBUG] Configuration: <?xml version="1.0" encoding="UTF-8"?>
<configuration>
  <annotationProcessorPathsUseDepMgmt default-value="false"/>
  <basedir default-value="${basedir}"/>
  <buildDirectory default-value="${project.build.directory}"/>
  <compileSourceRoots default-value="${project.testCompileSourceRoots}"/>
  <compilerId default-value="javac">${maven.compiler.compilerId}</compilerId>
  <compilerReuseStrategy default-value="${reuseCreated}">${maven.compiler.compilerReuseStrategy}</compilerReuseStrategy>
  <compilerVersion>${maven.compiler.compilerVersion}</compilerVersion>
  <createMissingPackageInfoClass default-value="true">${maven.compiler.createMissingPackageInfoClass}</createMissingPackageInfoClass>
  <debug default-value="true">${maven.compiler.debug}</debug>
  <debugFileName default-value="javac-test"/>
  <debuglevel>${maven.compiler.debuglevel}</debuglevel>
  <enablePreview default-value="false">${maven.compiler.enablePreview}</enablePreview>
  <encoding default-value="${project.build.sourceEncoding}">${encoding}</encoding>
  <executable>${maven.compiler.executable}</executable>
  <failOnError default-value="true">${maven.compiler.failOnError}</failOnError>
  <failOnWarning default-value="false">${maven.compiler.failOnWarning}</failOnWarning>
  <fileExtensions default-value="class,jar"/>
  <forceJavacCompilerUse default-value="false">${maven.compiler.forceJavacCompilerUse}</forceJavacCompilerUse>
  <forceLegacyJavacApi default-value="false">${maven.compiler.forceLegacyJavacApi}</forceLegacyJavacApi>
  <fork default-value="false">${maven.compiler.fork}</fork>
  <generatedTestSourcesDirectory default-value="${project.build.directory}/generated-test-sources/test-annotations"/>
  <implicit>${maven.compiler.implicit}</implicit>
  <maxmem>${maven.compiler.maxmem}</maxmem>
  <meminitial>${maven.compiler.meminitial}</meminitial>
  <mojoExecution default-value="${mojoExecution}"/>
  <optimize default-value="false">${maven.compiler.optimize}</optimize>
  <outputDirectory default-value="${project.build.testOutputDirectory}"/>
  <outputTimestamp default-value="${project.build.outputTimestamp}"/>
  <parameters default-value="false">true</parameters>
  <proc>${maven.compiler.proc}</proc>
  <project default-value="${project}"/>
  <release>${maven.compiler.release}</release>
  <session default-value="${session}"/>
  <showCompilationChanges default-value="false">${maven.compiler.showCompilationChanges}</showCompilationChanges>
  <showDeprecation default-value="false">${maven.compiler.showDeprecation}</showDeprecation>
  <showWarnings default-value="true">${maven.compiler.showWarnings}</showWarnings>
  <skip>${maven.test.skip}</skip>
  <skipMultiThreadWarning default-value="false">${maven.compiler.skipMultiThreadWarning}</skipMultiThreadWarning>
  <source default-value="1.8">${maven.compiler.source}</source>
  <staleMillis default-value="0">${lastModGranularityMs}</staleMillis>
  <target default-value="1.8">${maven.compiler.target}</target>
  <testPath default-value="${project.testClasspathElements}"/>
  <testRelease>${maven.compiler.testRelease}</testRelease>
  <testSource>${maven.compiler.testSource}</testSource>
  <testTarget>${maven.compiler.testTarget}</testTarget>
  <useIncrementalCompilation default-value="true">${maven.compiler.useIncrementalCompilation}</useIncrementalCompilation>
  <useModulePath default-value="true"/>
  <verbose default-value="false">${maven.compiler.verbose}</verbose>
</configuration>
[DEBUG] -----------------------------------------------------------------------
[DEBUG] Goal:          org.apache.maven.plugins:maven-surefire-plugin:3.2.5:test (default-test)
[DEBUG] Style:         Regular
[DEBUG] Configuration: <?xml version="1.0" encoding="UTF-8"?>
<configuration>
  <additionalClasspathDependencies>${maven.test.additionalClasspathDependencies}</additionalClasspathDependencies>
  <additionalClasspathElements>${maven.test.additionalClasspath}</additionalClasspathElements>
  <argLine>${argLine}</argLine>
  <basedir default-value="${basedir}"/>
  <childDelegation default-value="false">${childDelegation}</childDelegation>
  <classesDirectory default-value="${project.build.outputDirectory}"/>
  <classpathDependencyExcludes>${maven.test.dependency.excludes}</classpathDependencyExcludes>
  <debugForkedProcess>${maven.surefire.debug}</debugForkedProcess>
  <dependenciesToScan>${dependenciesToScan}</dependenciesToScan>
  <disableXmlReport default-value="false">${disableXmlReport}</disableXmlReport>
  <enableAssertions default-value="true">${enableAssertions}</enableAssertions>
  <enableProcessChecker>${surefire.enableProcessChecker}</enableProcessChecker>
  <encoding default-value="${project.reporting.outputEncoding}">${surefire.encoding}</encoding>
  <excludeJUnit5Engines>${surefire.excludeJUnit5Engines}</excludeJUnit5Engines>
  <excludedEnvironmentVariables>${surefire.excludedEnvironmentVariables}</excludedEnvironmentVariables>
  <excludedGroups>${excludedGroups}</excludedGroups>
  <excludes>${surefire.excludes}</excludes>
  <excludesFile>${surefire.excludesFile}</excludesFile>
  <failIfNoSpecifiedTests default-value="true">${surefire.failIfNoSpecifiedTests}</failIfNoSpecifiedTests>
  <failIfNoTests default-value="false">${failIfNoTests}</failIfNoTests>
  <failOnFlakeCount default-value="0">${surefire.failOnFlakeCount}</failOnFlakeCount>
  <forkCount default-value="1">${forkCount}</forkCount>
  <forkNode>${surefire.forkNode}</forkNode>
  <forkedProcessExitTimeoutInSeconds default-value="30">${surefire.exitTimeout}</forkedProcessExitTimeoutInSeconds>
  <forkedProcessTimeoutInSeconds>${surefire.timeout}</forkedProcessTimeoutInSeconds>
  <groups>${groups}</groups>
  <includeJUnit5Engines>${surefire.includeJUnit5Engines}</includeJUnit5Engines>
  <includes>${surefire.includes}</includes>
  <includesFile>${surefire.includesFile}</includesFile>
  <junitArtifactName default-value="junit:junit">${junitArtifactName}</junitArtifactName>
  <jvm>${jvm}</jvm>
  <objectFactory>${objectFactory}</objectFactory>
  <parallel>${parallel}</parallel>
  <parallelMavenExecution default-value="${session.parallel}"/>
  <parallelOptimized default-value="true">${parallelOptimized}</parallelOptimized>
  <parallelTestsTimeoutForcedInSeconds>${surefire.parallel.forcedTimeout}</parallelTestsTimeoutForcedInSeconds>
  <parallelTestsTimeoutInSeconds>${surefire.parallel.timeout}</parallelTestsTimeoutInSeconds>
  <perCoreThreadCount default-value="true">${perCoreThreadCount}</perCoreThreadCount>
  <pluginArtifactMap>${plugin.artifactMap}</pluginArtifactMap>
  <pluginDescriptor default-value="${plugin}"/>
  <printSummary default-value="true">${surefire.printSummary}</printSummary>
  <project default-value="${project}"/>
  <projectArtifactMap>${project.artifactMap}</projectArtifactMap>
  <projectBuildDirectory default-value="${project.build.directory}"/>
  <redirectTestOutputToFile default-value="false">${maven.test.redirectTestOutputToFile}</redirectTestOutputToFile>
  <reportFormat default-value="brief">${surefire.reportFormat}</reportFormat>
  <reportNameSuffix default-value="">${surefire.reportNameSuffix}</reportNameSuffix>
  <reportsDirectory default-value="${project.build.directory}/surefire-reports"/>
  <rerunFailingTestsCount default-value="0">${surefire.rerunFailingTestsCount}</rerunFailingTestsCount>
  <reuseForks default-value="true">${reuseForks}</reuseForks>
  <runOrder default-value="filesystem">${surefire.runOrder}</runOrder>
  <runOrderRandomSeed>${surefire.runOrder.random.seed}</runOrderRandomSeed>
  <session default-value="${session}"/>
  <shutdown default-value="exit">${surefire.shutdown}</shutdown>
  <skip default-value="false">${maven.test.skip}</skip>
  <skipAfterFailureCount default-value="0">${surefire.skipAfterFailureCount}</skipAfterFailureCount>
  <skipExec>${maven.test.skip.exec}</skipExec>
  <skipTests default-value="false">${skipTests}</skipTests>
  <suiteXmlFiles>${surefire.suiteXmlFiles}</suiteXmlFiles>
  <systemPropertiesFile>${surefire.systemPropertiesFile}</systemPropertiesFile>
  <tempDir default-value="surefire">${tempDir}</tempDir>
  <test>${test}</test>
  <testClassesDirectory default-value="${project.build.testOutputDirectory}"/>
  <testFailureIgnore default-value="false">${maven.test.failure.ignore}</testFailureIgnore>
  <testNGArtifactName default-value="org.testng:testng">${testNGArtifactName}</testNGArtifactName>
  <testSourceDirectory default-value="${project.build.testSourceDirectory}"/>
  <threadCount>${threadCount}</threadCount>
  <threadCountClasses default-value="0">${threadCountClasses}</threadCountClasses>
  <threadCountMethods default-value="0">${threadCountMethods}</threadCountMethods>
  <threadCountSuites default-value="0">${threadCountSuites}</threadCountSuites>
  <trimStackTrace default-value="false">${trimStackTrace}</trimStackTrace>
  <useFile default-value="true">${surefire.useFile}</useFile>
  <useManifestOnlyJar default-value="true">${surefire.useManifestOnlyJar}</useManifestOnlyJar>
  <useModulePath default-value="true">${surefire.useModulePath}</useModulePath>
  <useSystemClassLoader default-value="true">${surefire.useSystemClassLoader}</useSystemClassLoader>
  <useUnlimitedThreads default-value="false">${useUnlimitedThreads}</useUnlimitedThreads>
  <workingDirectory>${basedir}</workingDirectory>
</configuration>
[DEBUG] =======================================================================
[DEBUG] Using mirror maven-default-http-blocker (http://0.0.0.0/) for apache.snapshots (http://repository.apache.org/snapshots).
[DEBUG] Using mirror maven-default-http-blocker (http://0.0.0.0/) for apache.snapshots (http://people.apache.org/repo/m2-snapshot-repository).
[DEBUG] Using mirror maven-default-http-blocker (http://0.0.0.0/) for vaadin-snapshots (http://oss.sonatype.org/content/repositories/vaadin-snapshots/).
[DEBUG] Using mirror maven-default-http-blocker (http://0.0.0.0/) for vaadin-releases (http://oss.sonatype.org/content/repositories/vaadin-releases/).
[DEBUG] Dependency collection stats {ConflictMarker.analyzeTime=2131800, ConflictMarker.markTime=990200, ConflictMarker.nodeCount=380, ConflictIdSorter.graphTime=1594500, ConflictIdSorter.topsortTime=824700, ConflictIdSorter.conflictIdCount=153, ConflictIdSorter.conflictIdCycleCount=0, ConflictResolver.totalTime=19178100, ConflictResolver.conflictItemCount=296, DfDependencyCollector.collectTime=1270321600, DfDependencyCollector.transformTime=27391800}
[DEBUG] com.SkyRoute:UserService:jar:0.0.1-SNAPSHOT
[DEBUG]    org.springframework.boot:spring-boot-starter-data-jpa:jar:3.3.6:compile
[DEBUG]       org.springframework.boot:spring-boot-starter-aop:jar:3.3.6:compile (version managed from 3.3.6)
[DEBUG]          org.aspectj:aspectjweaver:jar:1.9.22.1:compile (version managed from 1.9.22.1)
[DEBUG]       org.springframework.boot:spring-boot-starter-jdbc:jar:3.3.6:compile (version managed from 3.3.6)
[DEBUG]          com.zaxxer:HikariCP:jar:5.1.0:compile (version managed from 5.1.0)
[DEBUG]          org.springframework:spring-jdbc:jar:6.1.15:compile (version managed from 6.1.15)
[DEBUG]       org.hibernate.orm:hibernate-core:jar:6.5.3.Final:compile (version managed from 6.5.3.Final)
[DEBUG]          jakarta.persistence:jakarta.persistence-api:jar:3.1.0:compile (version managed from 3.1.0)
[DEBUG]          jakarta.transaction:jakarta.transaction-api:jar:2.0.1:compile (version managed from 2.0.1)
[DEBUG]          org.jboss.logging:jboss-logging:jar:3.5.3.Final:compile (version managed from 3.5.0.Final)
[DEBUG]          org.hibernate.common:hibernate-commons-annotations:jar:6.0.6.Final:runtime
[DEBUG]          io.smallrye:jandex:jar:3.1.2:runtime
[DEBUG]          com.fasterxml:classmate:jar:1.7.0:compile (version managed from 1.5.1)
[DEBUG]          net.bytebuddy:byte-buddy:jar:1.14.19:runtime (version managed from 1.14.15)
[DEBUG]          org.glassfish.jaxb:jaxb-runtime:jar:4.0.5:runtime (version managed from 4.0.2)
[DEBUG]             org.glassfish.jaxb:jaxb-core:jar:4.0.5:runtime (version managed from 4.0.5)
[DEBUG]                org.eclipse.angus:angus-activation:jar:2.0.2:runtime (version managed from 2.0.2)
[DEBUG]                org.glassfish.jaxb:txw2:jar:4.0.5:runtime (version managed from 4.0.5)
[DEBUG]                com.sun.istack:istack-commons-runtime:jar:4.1.2:runtime (version managed from 4.1.2)
[DEBUG]          jakarta.inject:jakarta.inject-api:jar:2.0.1:compile (version managed from 2.0.1)
[DEBUG]          org.antlr:antlr4-runtime:jar:4.13.0:compile
[DEBUG]       org.springframework.data:spring-data-jpa:jar:3.3.6:compile (version managed from 3.3.6)
[DEBUG]          org.springframework.data:spring-data-commons:jar:3.3.6:compile (version managed from 3.3.6)
[DEBUG]          org.springframework:spring-orm:jar:6.1.15:compile (version managed from 6.1.15)
[DEBUG]          org.springframework:spring-context:jar:6.1.15:compile (version managed from 6.1.15)
[DEBUG]          org.springframework:spring-tx:jar:6.1.15:compile (version managed from 6.1.15)
[DEBUG]          org.springframework:spring-beans:jar:6.1.15:compile (version managed from 6.1.15)
[DEBUG]          jakarta.annotation:jakarta.annotation-api:jar:2.1.1:compile (version managed from 2.0.0)
[DEBUG]          org.slf4j:slf4j-api:jar:2.0.16:compile (version managed from 2.0.2)
[DEBUG]       org.springframework:spring-aspects:jar:6.1.15:compile (version managed from 6.1.15)
[DEBUG]    org.springframework.boot:spring-boot-starter-security:jar:3.3.6:compile
[DEBUG]       org.springframework.boot:spring-boot-starter:jar:3.3.6:compile (version managed from 3.3.6)
[DEBUG]          org.springframework.boot:spring-boot-starter-logging:jar:3.3.6:compile (version managed from 3.3.6)
[DEBUG]             ch.qos.logback:logback-classic:jar:1.5.12:compile (version managed from 1.5.12)
[DEBUG]                ch.qos.logback:logback-core:jar:1.5.12:compile (version managed from 1.5.12)
[DEBUG]             org.apache.logging.log4j:log4j-to-slf4j:jar:2.23.1:compile (version managed from 2.23.1)
[DEBUG]                org.apache.logging.log4j:log4j-api:jar:2.23.1:compile (version managed from 2.23.1)
[DEBUG]             org.slf4j:jul-to-slf4j:jar:2.0.16:compile (version managed from 2.0.16)
[DEBUG]          org.yaml:snakeyaml:jar:2.2:compile (version managed from 2.2)
[DEBUG]       org.springframework:spring-aop:jar:6.1.15:compile (version managed from 6.1.15)
[DEBUG]       org.springframework.security:spring-security-config:jar:6.3.5:compile (version managed from 6.3.5)
[DEBUG]       org.springframework.security:spring-security-web:jar:6.3.5:compile (version managed from 6.3.5)
[DEBUG]          org.springframework:spring-expression:jar:6.1.15:compile (version managed from 6.1.15)
[DEBUG]    org.springframework.boot:spring-boot-starter-validation:jar:3.3.6:compile
[DEBUG]       org.apache.tomcat.embed:tomcat-embed-el:jar:10.1.33:compile (version managed from 10.1.33)
[DEBUG]       org.hibernate.validator:hibernate-validator:jar:8.0.1.Final:compile (version managed from 8.0.1.Final)
[DEBUG]          jakarta.validation:jakarta.validation-api:jar:3.0.2:compile (version managed from 3.0.2)
[DEBUG]    org.springframework.boot:spring-boot-starter-web:jar:3.3.6:compile
[DEBUG]       org.springframework.boot:spring-boot-starter-json:jar:3.3.6:compile (version managed from 3.3.6)
[DEBUG]          com.fasterxml.jackson.datatype:jackson-datatype-jdk8:jar:2.17.3:compile (version managed from 2.17.3)
[DEBUG]          com.fasterxml.jackson.datatype:jackson-datatype-jsr310:jar:2.17.3:compile (version managed from 2.17.3)
[DEBUG]          com.fasterxml.jackson.module:jackson-module-parameter-names:jar:2.17.3:compile (version managed from 2.17.3)
[DEBUG]       org.springframework.boot:spring-boot-starter-tomcat:jar:3.3.6:compile (version managed from 3.3.6)
[DEBUG]          org.apache.tomcat.embed:tomcat-embed-core:jar:10.1.33:compile (version managed from 10.1.33)
[DEBUG]          org.apache.tomcat.embed:tomcat-embed-websocket:jar:10.1.33:compile (version managed from 10.1.33)
[DEBUG]       org.springframework:spring-web:jar:6.1.15:compile (version managed from 6.1.15)
[DEBUG]          io.micrometer:micrometer-observation:jar:1.13.8:compile (version managed from 1.12.12)
[DEBUG]             io.micrometer:micrometer-commons:jar:1.13.8:compile (version managed from 1.13.8)
[DEBUG]       org.springframework:spring-webmvc:jar:6.1.15:compile (version managed from 6.1.15)
[DEBUG]    org.springframework.cloud:spring-cloud-starter-netflix-eureka-client:jar:4.1.3:compile
[DEBUG]       org.springframework.cloud:spring-cloud-starter:jar:4.1.4:compile (version managed from 4.1.4)
[DEBUG]          org.springframework.cloud:spring-cloud-context:jar:4.1.4:compile (version managed from 4.1.4)
[DEBUG]          org.springframework.cloud:spring-cloud-commons:jar:4.1.4:compile (version managed from 4.1.4)
[DEBUG]          org.springframework.security:spring-security-rsa:jar:1.1.3:compile (version managed from 1.1.3) (exclusions managed from [org.springframework:spring-core:*:*, org.springframework.security:spring-security-crypto:*:*])
[DEBUG]             org.bouncycastle:bcprov-jdk18on:jar:1.78:compile
[DEBUG]       org.springframework.cloud:spring-cloud-netflix-eureka-client:jar:4.1.3:compile (version managed from 4.1.3)
[DEBUG]          org.apache.httpcomponents.client5:httpclient5:jar:5.3.1:compile (version managed from 5.2.3)
[DEBUG]             org.apache.httpcomponents.core5:httpcore5:jar:5.2.5:compile (version managed from 5.2.4)
[DEBUG]             org.apache.httpcomponents.core5:httpcore5-h2:jar:5.2.5:compile (version managed from 5.2.4)
[DEBUG]       com.netflix.eureka:eureka-client:jar:2.0.3:compile (version managed from 2.0.3) (exclusions managed from [com.sun.jersey:jersey-client:*:*, com.sun.jersey:jersey-core:*:*, com.sun.jersey.contribs:jersey-apache-client4:*:*, aopalliance:aopalliance:*:*])
[DEBUG]          com.thoughtworks.xstream:xstream:jar:1.4.20:compile
[DEBUG]             io.github.x-stream:mxparser:jar:1.2.2:compile
[DEBUG]                xmlpull:xmlpull:jar:1.1.3.1:compile
[DEBUG]          jakarta.ws.rs:jakarta.ws.rs-api:jar:3.1.0:compile (version managed from 3.0.0)
[DEBUG]          com.netflix.spectator:spectator-api:jar:1.7.3:compile
[DEBUG]          org.apache.httpcomponents:httpclient:jar:4.5.3:compile
[DEBUG]             org.apache.httpcomponents:httpcore:jar:4.4.16:compile (version managed from 4.4.6)
[DEBUG]             commons-codec:commons-codec:jar:1.16.1:compile (version managed from 1.9)
[DEBUG]          commons-configuration:commons-configuration:jar:1.10:compile
[DEBUG]             commons-lang:commons-lang:jar:2.6:compile
[DEBUG]          com.fasterxml.jackson.core:jackson-annotations:jar:2.17.3:compile (version managed from 2.10.5)
[DEBUG]          com.fasterxml.jackson.core:jackson-core:jar:2.17.3:compile (version managed from 2.10.5)
[DEBUG]          com.netflix.netflix-commons:netflix-eventbus:jar:0.3.0:runtime
[DEBUG]             com.netflix.netflix-commons:netflix-infix:jar:0.3.0:runtime
[DEBUG]                commons-jxpath:commons-jxpath:jar:1.3:runtime
[DEBUG]                joda-time:joda-time:jar:2.3:runtime
[DEBUG]                org.antlr:antlr-runtime:jar:3.4:runtime
[DEBUG]                   org.antlr:stringtemplate:jar:3.2.1:runtime
[DEBUG]                   antlr:antlr:jar:2.7.7:runtime
[DEBUG]                com.google.code.gson:gson:jar:2.10.1:runtime (version managed from 2.1)
[DEBUG]             com.netflix.servo:servo-core:jar:0.5.3:runtime
[DEBUG]             org.apache.commons:commons-math:jar:2.2:runtime
[DEBUG]          javax.annotation:javax.annotation-api:jar:1.2:runtime
[DEBUG]          org.codehaus.jettison:jettison:jar:1.5.4:runtime
[DEBUG]       com.netflix.eureka:eureka-core:jar:2.0.3:compile (version managed from 2.0.3) (exclusions managed from [com.netflix.archaius:archaius-core:*:*, jakarta.servlet:jakarta.servlet-api:*:*, javax.servlet:servlet-api:*:*, commons-logging:commons-logging:*:*, log4j:log4j:*:*, blitz4j:com.netflix.blitz4j:*:*, com.google.code.findbugs:annotations:*:*, com.google.code.findbugs:jsr305:*:*, com.fasterxml.jackson.dataformat:jackson-dataformat-xml:*:*, com.amazonaws:*:*:*])
[DEBUG]          com.fasterxml.woodstox:woodstox-core:jar:6.2.1:compile
[DEBUG]             org.codehaus.woodstox:stax2-api:jar:4.2.1:compile
[DEBUG]          com.google.guava:guava:jar:33.0.0-jre:runtime
[DEBUG]             com.google.guava:failureaccess:jar:1.0.2:runtime
[DEBUG]             com.google.guava:listenablefuture:jar:9999.0-empty-to-avoid-conflict-with-guava:runtime
[DEBUG]             org.checkerframework:checker-qual:jar:3.41.0:runtime
[DEBUG]             com.google.errorprone:error_prone_annotations:jar:2.23.0:runtime
[DEBUG]             com.google.j2objc:j2objc-annotations:jar:2.8:runtime
[DEBUG]       org.springframework.cloud:spring-cloud-starter-loadbalancer:jar:4.1.4:compile (version managed from 4.1.4)
[DEBUG]          org.springframework.cloud:spring-cloud-loadbalancer:jar:4.1.4:compile (version managed from 4.1.4)
[DEBUG]             io.projectreactor:reactor-core:jar:3.6.12:compile (version managed from 3.6.7)
[DEBUG]                org.reactivestreams:reactive-streams:jar:1.0.4:compile (version managed from 1.0.4)
[DEBUG]             io.projectreactor.addons:reactor-extra:jar:3.5.2:compile (version managed from 3.5.1)
[DEBUG]          org.springframework.boot:spring-boot-starter-cache:jar:3.3.6:compile (version managed from 3.2.7)
[DEBUG]             org.springframework:spring-context-support:jar:6.1.15:compile (version managed from 6.1.15)
[DEBUG]          com.stoyanr:evictor:jar:1.0.0:compile
[DEBUG]    org.springframework.boot:spring-boot-devtools:jar:3.3.6:runtime (optional)
[DEBUG]       org.springframework.boot:spring-boot:jar:3.3.6:compile (version managed from 3.3.6)
[DEBUG]       org.springframework.boot:spring-boot-autoconfigure:jar:3.3.6:compile (version managed from 3.3.6)
[DEBUG]    com.mysql:mysql-connector-j:jar:8.3.0:runtime (exclusions managed from [com.google.protobuf:protobuf-java:*:*])
[DEBUG]    org.projectlombok:lombok:jar:1.18.36:compile (optional)
[DEBUG]    io.jsonwebtoken:jjwt-api:jar:0.11.5:compile
[DEBUG]    io.jsonwebtoken:jjwt-impl:jar:0.11.5:runtime
[DEBUG]    io.jsonwebtoken:jjwt-jackson:jar:0.11.5:runtime
[DEBUG]       com.fasterxml.jackson.core:jackson-databind:jar:2.17.3:compile (version managed from 2.12.6.1)
[DEBUG]    org.springframework.boot:spring-boot-starter-test:jar:3.3.6:test
[DEBUG]       org.springframework.boot:spring-boot-test:jar:3.3.6:test (version managed from 3.3.6)
[DEBUG]       org.springframework.boot:spring-boot-test-autoconfigure:jar:3.3.6:test (version managed from 3.3.6)
[DEBUG]       com.jayway.jsonpath:json-path:jar:2.9.0:test (version managed from 2.9.0)
[DEBUG]       jakarta.xml.bind:jakarta.xml.bind-api:jar:4.0.2:runtime (version managed from 4.0.2)
[DEBUG]          jakarta.activation:jakarta.activation-api:jar:2.1.3:runtime (version managed from 2.1.3)
[DEBUG]       net.minidev:json-smart:jar:2.5.1:test (version managed from 2.5.1)
[DEBUG]          net.minidev:accessors-smart:jar:2.5.1:test
[DEBUG]             org.ow2.asm:asm:jar:9.6:test
[DEBUG]       org.assertj:assertj-core:jar:3.25.3:test (version managed from 3.25.3)
[DEBUG]       org.awaitility:awaitility:jar:4.2.2:test (version managed from 4.2.2)
[DEBUG]       org.hamcrest:hamcrest:jar:2.2:test (version managed from 2.2)
[DEBUG]       org.junit.jupiter:junit-jupiter:jar:5.10.5:test (version managed from 5.10.5)
[DEBUG]          org.junit.jupiter:junit-jupiter-api:jar:5.10.5:test (version managed from 5.10.5)
[DEBUG]             org.opentest4j:opentest4j:jar:1.3.0:test
[DEBUG]             org.junit.platform:junit-platform-commons:jar:1.10.5:test (version managed from 1.10.5)
[DEBUG]             org.apiguardian:apiguardian-api:jar:1.1.2:test
[DEBUG]          org.junit.jupiter:junit-jupiter-params:jar:5.10.5:test (version managed from 5.10.5)
[DEBUG]          org.junit.jupiter:junit-jupiter-engine:jar:5.10.5:test (version managed from 5.10.5)
[DEBUG]             org.junit.platform:junit-platform-engine:jar:1.10.5:test (version managed from 1.10.5)
[DEBUG]       org.mockito:mockito-core:jar:5.11.0:test (version managed from 5.11.0)
[DEBUG]          net.bytebuddy:byte-buddy-agent:jar:1.14.19:test (version managed from 1.14.12)
[DEBUG]          org.objenesis:objenesis:jar:3.3:test
[DEBUG]       org.mockito:mockito-junit-jupiter:jar:5.11.0:test (version managed from 5.11.0)
[DEBUG]       org.skyscreamer:jsonassert:jar:1.5.3:test (version managed from 1.5.3)
[DEBUG]          com.vaadin.external.google:android-json:jar:0.0.20131108.vaadin1:test
[DEBUG]       org.springframework:spring-core:jar:6.1.15:compile (version managed from 6.1.15)
[DEBUG]          org.springframework:spring-jcl:jar:6.1.15:compile (version managed from 6.1.15)
[DEBUG]       org.springframework:spring-test:jar:6.1.15:test (version managed from 6.1.15)
[DEBUG]       org.xmlunit:xmlunit-core:jar:2.9.1:test (version managed from 2.9.1)
[DEBUG]    org.springframework.security:spring-security-test:jar:6.3.5:test
[DEBUG]       org.springframework.security:spring-security-core:jar:6.3.5:compile (version managed from 6.3.5)
[DEBUG]          org.springframework.security:spring-security-crypto:jar:6.3.5:compile (version managed from 6.3.5)
[INFO] 
[INFO] --- resources:3.3.1:resources (default-resources) @ UserService ---
[DEBUG] Dependency collection stats {ConflictMarker.analyzeTime=201500, ConflictMarker.markTime=33000, ConflictMarker.nodeCount=13, ConflictIdSorter.graphTime=94300, ConflictIdSorter.topsortTime=40800, ConflictIdSorter.conflictIdCount=9, ConflictIdSorter.conflictIdCycleCount=0, ConflictResolver.totalTime=268800, ConflictResolver.conflictItemCount=13, DfDependencyCollector.collectTime=62987000, DfDependencyCollector.transformTime=663200}
[DEBUG] org.apache.maven.plugins:maven-resources-plugin:jar:3.3.1
[DEBUG]    org.codehaus.plexus:plexus-interpolation:jar:1.26:runtime
[DEBUG]    org.codehaus.plexus:plexus-utils:jar:3.5.1:compile
[DEBUG]    org.apache.maven.shared:maven-filtering:jar:3.3.1:compile
[DEBUG]       javax.inject:javax.inject:jar:1:compile
[DEBUG]       org.slf4j:slf4j-api:jar:1.7.36:compile
[DEBUG]       org.sonatype.plexus:plexus-build-api:jar:0.0.7:compile
[DEBUG]    commons-io:commons-io:jar:2.11.0:compile
[DEBUG]    org.apache.commons:commons-lang3:jar:3.12.0:compile
[DEBUG] Created new class realm plugin>org.apache.maven.plugins:maven-resources-plugin:3.3.1
[DEBUG] Importing foreign packages into class realm plugin>org.apache.maven.plugins:maven-resources-plugin:3.3.1
[DEBUG]   Imported:  < maven.api
[DEBUG] Populating class realm plugin>org.apache.maven.plugins:maven-resources-plugin:3.3.1
[DEBUG]   Included: org.apache.maven.plugins:maven-resources-plugin:jar:3.3.1
[DEBUG]   Included: org.codehaus.plexus:plexus-interpolation:jar:1.26
[DEBUG]   Included: org.codehaus.plexus:plexus-utils:jar:3.5.1
[DEBUG]   Included: org.apache.maven.shared:maven-filtering:jar:3.3.1
[DEBUG]   Included: org.sonatype.plexus:plexus-build-api:jar:0.0.7
[DEBUG]   Included: commons-io:commons-io:jar:2.11.0
[DEBUG]   Included: org.apache.commons:commons-lang3:jar:3.12.0
[DEBUG] Loading mojo org.apache.maven.plugins:maven-resources-plugin:3.3.1:resources from plugin realm ClassRealm[plugin>org.apache.maven.plugins:maven-resources-plugin:3.3.1, parent: jdk.internal.loader.ClassLoaders$AppClassLoader@1affbebc]
[DEBUG] Configuring mojo execution 'org.apache.maven.plugins:maven-resources-plugin:3.3.1:resources:default-resources' with basic configurator -->
[DEBUG]   (f) addDefaultExcludes = true
[DEBUG]   (f) buildFilters = []
[DEBUG]   (s) delimiters = [@]
[DEBUG]   (f) encoding = UTF-8
[DEBUG]   (f) escapeWindowsPaths = true
[DEBUG]   (f) fileNameFiltering = false
[DEBUG]   (s) includeEmptyDirs = false
[DEBUG]   (s) outputDirectory = C:\Users\pchikkag\Documents\workspace-spring-tools-for-eclipse-5.0.1.RELEASE\SkyRoute\UserService\UserService\target\classes
[DEBUG]   (s) overwrite = false
[DEBUG]   (f) project = MavenProject: com.SkyRoute:UserService:0.0.1-SNAPSHOT @ C:\Users\pchikkag\Documents\workspace-spring-tools-for-eclipse-5.0.1.RELEASE\SkyRoute\UserService\UserService\pom.xml
[DEBUG]   (f) propertiesEncoding = UTF-8
[DEBUG]   (s) resources = [Resource {targetPath: null, filtering: true, FileSet {directory: C:\Users\pchikkag\Documents\workspace-spring-tools-for-eclipse-5.0.1.RELEASE\SkyRoute\UserService\UserService\src\main\resources, PatternSet [includes: {**/application*.yml, **/application*.yaml, **/application*.properties}, excludes: {}]}}, Resource {targetPath: null, filtering: false, FileSet {directory: C:\Users\pchikkag\Documents\workspace-spring-tools-for-eclipse-5.0.1.RELEASE\SkyRoute\UserService\UserService\src\main\resources, PatternSet [includes: {}, excludes: {**/application*.yml, **/application*.yaml, **/application*.properties}]}}]
[DEBUG]   (f) session = org.apache.maven.execution.MavenSession@a5bbaec
[DEBUG]   (f) skip = false
[DEBUG]   (f) supportMultiLineFiltering = false
[DEBUG]   (f) useBuildFilters = true
[DEBUG]   (s) useDefaultDelimiters = false
[DEBUG] -- end configuration --
[DEBUG] properties used:
[DEBUG] activemq.version: 6.1.4
[DEBUG] angus-mail.version: 2.0.3
[DEBUG] artemis.version: 2.33.0
[DEBUG] aspectj.version: 1.9.22.1
[DEBUG] assertj.version: 3.25.3
[DEBUG] awaitility.version: 4.2.2
[DEBUG] brave.version: 6.0.3
[DEBUG] build-helper-maven-plugin.version: 3.5.0
[DEBUG] byte-buddy.version: 1.14.19
[DEBUG] cache2k.version: 2.6.1.Final
[DEBUG] caffeine.version: 3.1.8
[DEBUG] cassandra-driver.version: 4.18.1
[DEBUG] classmate.version: 1.7.0
[DEBUG] classworlds.conf: C:\Users\pchikkag\.m2\wrapper\dists\apache-maven-3.9.12\59fe215c0ad6947fea90184bf7add084544567b927287592651fda3782e0e798\bin\m2.conf
[DEBUG] commons-codec.version: 1.16.1
[DEBUG] commons-dbcp2.version: 2.12.0
[DEBUG] commons-lang3.version: 3.14.0
[DEBUG] commons-pool.version: 1.6
[DEBUG] commons-pool2.version: 2.12.0
[DEBUG] couchbase-client.version: 3.6.3
[DEBUG] crac.version: 1.4.0
[DEBUG] cyclonedx-maven-plugin.version: 2.8.2
[DEBUG] db2-jdbc.version: 11.5.9.0
[DEBUG] dependency-management-plugin.version: 1.1.6
[DEBUG] derby.version: 10.16.1.1
[DEBUG] ehcache3.version: 3.10.8
[DEBUG] elasticsearch-client.version: 8.13.4
[DEBUG] env.=C:: C:\Users\pchikkag\Documents\workspace-spring-tools-for-eclipse-5.0.1.RELEASE\SkyRoute\UserService\UserService
[DEBUG] env.=EXITCODE: 00000000
[DEBUG] env.ALLUSERSPROFILE: C:\ProgramData
[DEBUG] env.ANTIGRAVITY_AGENT: 1
[DEBUG] env.ANTIGRAVITY_CLI_ALIAS: agy
[DEBUG] env.APPDATA: C:\Users\pchikkag\AppData\Roaming
[DEBUG] env.CHROME_CRASHPAD_PIPE_NAME: \\.\pipe\crashpad_31536_UHNUGFNKBSDWZPDB
[DEBUG] env.CLASSWORLDS_JAR: "C:\Users\pchikkag\.m2\wrapper\dists\apache-maven-3.9.12\59fe215c0ad6947fea90184bf7add084544567b927287592651fda3782e0e798\boot\plexus-classworlds-2.9.0.jar"
[DEBUG] env.CLASSWORLDS_LAUNCHER: org.codehaus.plexus.classworlds.launcher.Launcher
[DEBUG] env.COLORTERM: truecolor
[DEBUG] env.COMMONPROGRAMFILES: C:\Program Files\Common Files
[DEBUG] env.COMMONPROGRAMFILES(X86): C:\Program Files (x86)\Common Files
[DEBUG] env.COMMONPROGRAMW6432: C:\Program Files\Common Files
[DEBUG] env.COMPUTERNAME: LIN-5CG3251NH2
[DEBUG] env.COMSPEC: C:\WINDOWS\system32\cmd.exe
[DEBUG] env.DRIVERDATA: C:\Windows\System32\Drivers\DriverData
[DEBUG] env.EFC_11468_1592913036: 1
[DEBUG] env.ERROR_CODE: 0
[DEBUG] env.EXEC_DIR: C:\Users\pchikkag\Documents\workspace-spring-tools-for-eclipse-5.0.1.RELEASE\SkyRoute\UserService\UserService
[DEBUG] env.HOMEDRIVE: C:
[DEBUG] env.HOMEPATH: \Users\pchikkag
[DEBUG] env.INTERNAL_MAVEN_OPTS: --enable-native-access=ALL-UNNAMED 
[DEBUG] env.JAVACMD: C:\Program Files\Eclipse Adoptium\jdk-25.0.1.8-hotspot\bin\java.exe
[DEBUG] env.JVMCONFIG: \.mvn\jvm.config
[DEBUG] env.LANG: en_US.UTF-8
[DEBUG] env.LOCALAPPDATA: C:\Users\pchikkag\AppData\Local
[DEBUG] env.LOGONSERVER: \\LIN-5CG3251NH2
[DEBUG] env.MAVEN_CMD_LINE_ARGS: -X test -l build_debug.log
[DEBUG] env.MAVEN_HOME: C:\Users\pchikkag\.m2\wrapper\dists\apache-maven-3.9.12\59fe215c0ad6947fea90184bf7add084544567b927287592651fda3782e0e798
[DEBUG] env.MAVEN_PROJECTBASEDIR: C:\Users\pchikkag\Documents\workspace-spring-tools-for-eclipse-5.0.1.RELEASE\SkyRoute\UserService\UserService
[DEBUG] env.NEXTHINK: C:\Program Files\Nexthink\Collector
[DEBUG] env.NUMBER_OF_PROCESSORS: 12
[DEBUG] env.ONEDRIVE: C:\Users\pchikkag\OneDrive
[DEBUG] env.OS: Windows_NT
[DEBUG] env.PAGER: cat
[DEBUG] env.PATH: C:\Program Files\Eclipse Adoptium\jdk-25.0.1.8-hotspot\bin;C:\WINDOWS\system32;C:\WINDOWS;C:\WINDOWS\System32\Wbem;C:\WINDOWS\System32\WindowsPowerShell\v1.0\;C:\WINDOWS\System32\OpenSSH\;C:\Program Files\Microsoft VS Code\bin;C:\Program Files\ServiceNow\agent-client-collector\bin;C:\Program Files\ServiceNow\agent-client-collector\embedded\bin;C:\Users\pchikkag\AppData\Local\Microsoft\WindowsApps;C:\Users\pchikkag\AppData\Local\Programs\Antigravity\bin
[DEBUG] env.PATHEXT: .COM;.EXE;.BAT;.CMD;.VBS;.VBE;.JS;.JSE;.WSF;.WSH;.MSC;.CPL
[DEBUG] env.PROCESSOR_ARCHITECTURE: AMD64
[DEBUG] env.PROCESSOR_IDENTIFIER: AMD64 Family 25 Model 68 Stepping 1, AuthenticAMD
[DEBUG] env.PROCESSOR_LEVEL: 25
[DEBUG] env.PROCESSOR_REVISION: 4401
[DEBUG] env.PROGRAMDATA: C:\ProgramData
[DEBUG] env.PROGRAMFILES: C:\Program Files
[DEBUG] env.PROGRAMFILES(X86): C:\Program Files (x86)
[DEBUG] env.PROGRAMW6432: C:\Program Files
[DEBUG] env.PROMPT: $P$G
[DEBUG] env.PSMODULEPATH: C:\Users\pchikkag\Documents\WindowsPowerShell\Modules;C:\Program Files\WindowsPowerShell\Modules;C:\WINDOWS\system32\WindowsPowerShell\v1.0\Modules
[DEBUG] env.PUBLIC: C:\Users\Public
[DEBUG] env.SESSIONNAME: Console
[DEBUG] env.SN_AGENT_HOME_DIR: C:\Program Files\ServiceNow\agent-client-collector\
[DEBUG] env.SYSTEMDRIVE: C:
[DEBUG] env.SYSTEMROOT: C:\WINDOWS
[DEBUG] env.TEMP: C:\Users\pchikkag\AppData\Local\Temp
[DEBUG] env.TERM_PROGRAM: vscode
[DEBUG] env.TERM_PROGRAM_VERSION: 1.107.0
[DEBUG] env.TMP: C:\Users\pchikkag\AppData\Local\Temp
[DEBUG] env.USERDNSDOMAIN: corp.capgemini.com
[DEBUG] env.USERDOMAIN: CORP
[DEBUG] env.USERDOMAIN_ROAMINGPROFILE: CORP
[DEBUG] env.USERNAME: pchikkag
[DEBUG] env.USERPROFILE: C:\Users\pchikkag
[DEBUG] env.VSCODE_INJECTION: 1
[DEBUG] env.VSCODE_JDWP_ADAPTER_ENDPOINTS: c:\Users\pchikkag\.antigravity\extensions\vscjava.vscode-java-debug-0.58.5-universal\.noConfigDebugAdapterEndpoints\endpoint-2d92a7df660f296a.txt
[DEBUG] env.VSCODE_PYTHON_AUTOACTIVATE_GUARD: 1
[DEBUG] env.WDIR: C:\Users\pchikkag\Documents\workspace-spring-tools-for-eclipse-5.0.1.RELEASE\SkyRoute\UserService\UserService
[DEBUG] env.WINDIR: C:\WINDOWS
[DEBUG] env.__MVNW_CMD__: C:\Users\pchikkag/.m2/wrapper/dists/apache-maven-3.9.12/59fe215c0ad6947fea90184bf7add084544567b927287592651fda3782e0e798/bin/mvn.cmd
[DEBUG] file.encoding: UTF-8
[DEBUG] file.separator: \
[DEBUG] flyway.version: 10.10.0
[DEBUG] freemarker.version: 2.3.33
[DEBUG] git-commit-id-maven-plugin.version: 8.0.2
[DEBUG] glassfish-jaxb.version: 4.0.5
[DEBUG] glassfish-jstl.version: 3.0.1
[DEBUG] graphql-java.version: 22.3
[DEBUG] groovy.version: 4.0.24
[DEBUG] gson.version: 2.10.1
[DEBUG] h2.version: 2.2.224
[DEBUG] hamcrest.version: 2.2
[DEBUG] hazelcast.version: 5.4.0
[DEBUG] hibernate-validator.version: 8.0.1.Final
[DEBUG] hibernate.version: 6.5.3.Final
[DEBUG] hikaricp.version: 5.1.0
[DEBUG] hsqldb.version: 2.7.3
[DEBUG] htmlunit.version: 2.70.0
[DEBUG] httpasyncclient.version: 4.1.5
[DEBUG] httpclient5.version: 5.3.1
[DEBUG] httpcore.version: 4.4.16
[DEBUG] httpcore5.version: 5.2.5
[DEBUG] infinispan.version: 15.0.11.Final
[DEBUG] influxdb-java.version: 2.24
[DEBUG] jackson-bom.version: 2.17.3
[DEBUG] jakarta-activation.version: 2.1.3
[DEBUG] jakarta-annotation.version: 2.1.1
[DEBUG] jakarta-inject.version: 2.0.1
[DEBUG] jakarta-jms.version: 3.1.0
[DEBUG] jakarta-json-bind.version: 3.0.1
[DEBUG] jakarta-json.version: 2.1.3
[DEBUG] jakarta-mail.version: 2.1.3
[DEBUG] jakarta-management.version: 1.1.4
[DEBUG] jakarta-persistence.version: 3.1.0
[DEBUG] jakarta-servlet-jsp-jstl.version: 3.0.2
[DEBUG] jakarta-servlet.version: 6.0.0
[DEBUG] jakarta-transaction.version: 2.0.1
[DEBUG] jakarta-validation.version: 3.0.2
[DEBUG] jakarta-websocket.version: 2.1.1
[DEBUG] jakarta-ws-rs.version: 3.1.0
[DEBUG] jakarta-xml-bind.version: 4.0.2
[DEBUG] jakarta-xml-soap.version: 3.0.2
[DEBUG] jakarta-xml-ws.version: 4.0.2
[DEBUG] janino.version: 3.1.12
[DEBUG] java.class.path: C:\Users\pchikkag\.m2\wrapper\dists\apache-maven-3.9.12\59fe215c0ad6947fea90184bf7add084544567b927287592651fda3782e0e798\boot\plexus-classworlds-2.9.0.jar
[DEBUG] java.class.version: 69.0
[DEBUG] java.home: C:\Program Files\Eclipse Adoptium\jdk-25.0.1.8-hotspot
[DEBUG] java.io.tmpdir: C:\Users\pchikkag\AppData\Local\Temp\
[DEBUG] java.library.path: C:\Program Files\Eclipse Adoptium\jdk-25.0.1.8-hotspot\bin;C:\WINDOWS\Sun\Java\bin;C:\WINDOWS\system32;C:\WINDOWS;C:\Program Files\Eclipse Adoptium\jdk-25.0.1.8-hotspot\bin;C:\WINDOWS\system32;C:\WINDOWS;C:\WINDOWS\System32\Wbem;C:\WINDOWS\System32\WindowsPowerShell\v1.0\;C:\WINDOWS\System32\OpenSSH\;C:\Program Files\Microsoft VS Code\bin;C:\Program Files\ServiceNow\agent-client-collector\bin;C:\Program Files\ServiceNow\agent-client-collector\embedded\bin;C:\Users\pchikkag\AppData\Local\Microsoft\WindowsApps;C:\Users\pchikkag\AppData\Local\Programs\Antigravity\bin;.
[DEBUG] java.runtime.name: OpenJDK Runtime Environment
[DEBUG] java.runtime.version: 25.0.1+8-LTS
[DEBUG] java.specification.name: Java Platform API Specification
[DEBUG] java.specification.vendor: Oracle Corporation
[DEBUG] java.specification.version: 25
[DEBUG] java.vendor: Eclipse Adoptium
[DEBUG] java.vendor.url: https://adoptium.net/
[DEBUG] java.vendor.url.bug: https://github.com/adoptium/adoptium-support/issues
[DEBUG] java.vendor.version: Temurin-25.0.1+8
[DEBUG] java.version: 25.0.1
[DEBUG] java.version.date: 2025-10-21
[DEBUG] java.vm.compressedOopsMode: Zero based
[DEBUG] java.vm.info: mixed mode, sharing
[DEBUG] java.vm.name: OpenJDK 64-Bit Server VM
[DEBUG] java.vm.specification.name: Java Virtual Machine Specification
[DEBUG] java.vm.specification.vendor: Oracle Corporation
[DEBUG] java.vm.specification.version: 25
[DEBUG] java.vm.vendor: Eclipse Adoptium
[DEBUG] java.vm.version: 25.0.1+8-LTS
[DEBUG] javax-cache.version: 1.1.1
[DEBUG] javax-money.version: 1.1
[DEBUG] jaxen.version: 2.0.0
[DEBUG] jaybird.version: 5.0.6.java11
[DEBUG] jboss-logging.version: 3.5.3.Final
[DEBUG] jdk.debug: release
[DEBUG] jdom2.version: 2.0.6.1
[DEBUG] jedis.version: 5.0.2
[DEBUG] jersey.version: 3.1.9
[DEBUG] jetty-reactive-httpclient.version: 4.0.8
[DEBUG] jetty.version: 12.0.15
[DEBUG] jmustache.version: 1.16
[DEBUG] jooq.version: 3.19.15
[DEBUG] json-path.version: 2.9.0
[DEBUG] json-smart.version: 2.5.1
[DEBUG] jsonassert.version: 1.5.3
[DEBUG] jtds.version: 1.3.1
[DEBUG] junit-jupiter.version: 5.10.5
[DEBUG] junit.version: 4.13.2
[DEBUG] kafka.version: 3.7.1
[DEBUG] kotlin-coroutines.version: 1.8.1
[DEBUG] kotlin-serialization.version: 1.6.3
[DEBUG] kotlin.version: 1.9.25
[DEBUG] lettuce.version: 6.3.2.RELEASE
[DEBUG] library.jansi.path: C:\Users\pchikkag\.m2\wrapper\dists\apache-maven-3.9.12\59fe215c0ad6947fea90184bf7add084544567b927287592651fda3782e0e798\lib\jansi-native
[DEBUG] line.separator: 

[DEBUG] liquibase.version: 4.27.0
[DEBUG] log4j2.version: 2.23.1
[DEBUG] logback.version: 1.5.12
[DEBUG] lombok.version: 1.18.36
[DEBUG] mariadb.version: 3.3.3
[DEBUG] maven-antrun-plugin.version: 3.1.0
[DEBUG] maven-assembly-plugin.version: 3.7.1
[DEBUG] maven-clean-plugin.version: 3.3.2
[DEBUG] maven-compiler-plugin.version: 3.13.0
[DEBUG] maven-dependency-plugin.version: 3.6.1
[DEBUG] maven-deploy-plugin.version: 3.1.3
[DEBUG] maven-enforcer-plugin.version: 3.4.1
[DEBUG] maven-failsafe-plugin.version: 3.2.5
[DEBUG] maven-help-plugin.version: 3.4.1
[DEBUG] maven-install-plugin.version: 3.1.3
[DEBUG] maven-invoker-plugin.version: 3.6.1
[DEBUG] maven-jar-plugin.version: 3.4.2
[DEBUG] maven-javadoc-plugin.version: 3.6.3
[DEBUG] maven-resources-plugin.version: 3.3.1
[DEBUG] maven-shade-plugin.version: 3.5.3
[DEBUG] maven-source-plugin.version: 3.3.1
[DEBUG] maven-surefire-plugin.version: 3.2.5
[DEBUG] maven-war-plugin.version: 3.4.0
[DEBUG] maven.build.timestamp: 2026-03-11T09:20:48Z
[DEBUG] maven.build.version: Apache Maven 3.9.12 (848fbb4bf2d427b72bdb2471c22fced7ebd9a7a1)
[DEBUG] maven.compiler.release: 21
[DEBUG] maven.conf: C:\Users\pchikkag\.m2\wrapper\dists\apache-maven-3.9.12\59fe215c0ad6947fea90184bf7add084544567b927287592651fda3782e0e798/conf
[DEBUG] maven.home: C:\Users\pchikkag\.m2\wrapper\dists\apache-maven-3.9.12\59fe215c0ad6947fea90184bf7add084544567b927287592651fda3782e0e798
[DEBUG] maven.multiModuleProjectDirectory: C:\Users\pchikkag\Documents\workspace-spring-tools-for-eclipse-5.0.1.RELEASE\SkyRoute\UserService\UserService
[DEBUG] maven.version: 3.9.12
[DEBUG] micrometer-tracing.version: 1.3.6
[DEBUG] micrometer.version: 1.13.8
[DEBUG] mockito.version: 5.11.0
[DEBUG] mongodb.version: 5.0.1
[DEBUG] mssql-jdbc.version: 12.6.4.jre11
[DEBUG] mysql.version: 8.3.0
[DEBUG] native-build-tools-plugin.version: 0.10.3
[DEBUG] native.encoding: Cp1252
[DEBUG] nekohtml.version: 1.9.22
[DEBUG] neo4j-java-driver.version: 5.25.0
[DEBUG] netty.version: 4.1.115.Final
[DEBUG] okhttp.version: 4.12.0
[DEBUG] opentelemetry.version: 1.38.0
[DEBUG] oracle-database.version: 21.9.0.0
[DEBUG] oracle-r2dbc.version: 1.2.0
[DEBUG] os.arch: amd64
[DEBUG] os.name: Windows 11
[DEBUG] os.version: 10.0
[DEBUG] path.separator: ;
[DEBUG] pooled-jms.version: 3.1.7
[DEBUG] postgresql.version: 42.7.4
[DEBUG] project.baseUri: file:/C:/Users/pchikkag/Documents/workspace-spring-tools-for-eclipse-5.0.1.RELEASE/SkyRoute/UserService/UserService/
[DEBUG] project.build.sourceEncoding: UTF-8
[DEBUG] project.reporting.outputEncoding: UTF-8
[DEBUG] prometheus-client.version: 1.2.1
[DEBUG] prometheus-simpleclient.version: 0.16.0
[DEBUG] pulsar-reactive.version: 0.5.9
[DEBUG] pulsar.version: 3.2.4
[DEBUG] quartz.version: 2.3.2
[DEBUG] querydsl.version: 5.1.0
[DEBUG] r2dbc-h2.version: 1.0.0.RELEASE
[DEBUG] r2dbc-mariadb.version: 1.2.2
[DEBUG] r2dbc-mssql.version: 1.0.2.RELEASE
[DEBUG] r2dbc-mysql.version: 1.1.3
[DEBUG] r2dbc-pool.version: 1.0.2.RELEASE
[DEBUG] r2dbc-postgresql.version: 1.0.7.RELEASE
[DEBUG] r2dbc-proxy.version: 1.1.5.RELEASE
[DEBUG] r2dbc-spi.version: 1.0.0.RELEASE
[DEBUG] rabbit-amqp-client.version: 5.21.0
[DEBUG] rabbit-stream-client.version: 0.15.0
[DEBUG] reactive-streams.version: 1.0.4
[DEBUG] reactor-bom.version: 2023.0.12
[DEBUG] resource.delimiter: @
[DEBUG] rest-assured.version: 5.4.0
[DEBUG] rsocket.version: 1.1.3
[DEBUG] rxjava3.version: 3.1.9
[DEBUG] saaj-impl.version: 3.0.4
[DEBUG] selenium-htmlunit.version: 4.13.0
[DEBUG] selenium.version: 4.19.1
[DEBUG] sendgrid.version: 4.10.3
[DEBUG] slf4j.version: 2.0.16
[DEBUG] snakeyaml.version: 2.2
[DEBUG] spring-amqp.version: 3.1.8
[DEBUG] spring-authorization-server.version: 1.3.3
[DEBUG] spring-batch.version: 5.1.2
[DEBUG] spring-boot.run.main-class: ${start-class}
[DEBUG] spring-cloud.version: 2023.0.3
[DEBUG] spring-data-bom.version: 2024.0.6
[DEBUG] spring-framework.version: 6.1.15
[DEBUG] spring-graphql.version: 1.3.3
[DEBUG] spring-hateoas.version: 2.3.3
[DEBUG] spring-integration.version: 6.3.6
[DEBUG] spring-kafka.version: 3.2.5
[DEBUG] spring-ldap.version: 3.2.8
[DEBUG] spring-pulsar.version: 1.1.6
[DEBUG] spring-restdocs.version: 3.0.3
[DEBUG] spring-retry.version: 2.0.10
[DEBUG] spring-security.version: 6.3.5
[DEBUG] spring-session.version: 3.3.3
[DEBUG] spring-ws.version: 4.0.11
[DEBUG] sqlite-jdbc.version: 3.45.3.0
[DEBUG] stderr.encoding: cp437
[DEBUG] stdin.encoding: cp437
[DEBUG] stdout.encoding: cp437
[DEBUG] sun.arch.data.model: 64
[DEBUG] sun.boot.library.path: C:\Program Files\Eclipse Adoptium\jdk-25.0.1.8-hotspot\bin
[DEBUG] sun.cpu.endian: little
[DEBUG] sun.cpu.isalist: amd64
[DEBUG] sun.io.unicode.encoding: UnicodeLittle
[DEBUG] sun.java.command: org.codehaus.plexus.classworlds.launcher.Launcher -X test -l build_debug.log
[DEBUG] sun.java.launcher: SUN_STANDARD
[DEBUG] sun.jnu.encoding: Cp1252
[DEBUG] sun.management.compiler: HotSpot 64-Bit Tiered Compilers
[DEBUG] sun.os.patch.level: 
[DEBUG] testcontainers.version: 1.19.8
[DEBUG] thymeleaf-extras-data-attribute.version: 2.0.1
[DEBUG] thymeleaf-extras-springsecurity.version: 3.1.2.RELEASE
[DEBUG] thymeleaf-layout-dialect.version: 3.3.0
[DEBUG] thymeleaf.version: 3.1.2.RELEASE
[DEBUG] tomcat.version: 10.1.33
[DEBUG] unboundid-ldapsdk.version: 6.0.11
[DEBUG] undertow.version: 2.3.17.Final
[DEBUG] user.country: IN
[DEBUG] user.dir: C:\Users\pchikkag\Documents\workspace-spring-tools-for-eclipse-5.0.1.RELEASE\SkyRoute\UserService\UserService
[DEBUG] user.home: C:\Users\pchikkag
[DEBUG] user.language: en
[DEBUG] user.name: pchikkag
[DEBUG] user.script: 
[DEBUG] user.variant: 
[DEBUG] versions-maven-plugin.version: 2.16.2
[DEBUG] webjars-locator-core.version: 0.58
[DEBUG] wsdl4j.version: 1.6.3
[DEBUG] xml-maven-plugin.version: 1.1.0
[DEBUG] xmlunit2.version: 2.9.1
[DEBUG] yasson.version: 3.0.4
[DEBUG] zipkin-reporter.version: 3.4.2
[DEBUG] Using 'UTF-8' encoding to copy filtered resources.
[DEBUG] Using 'UTF-8' encoding to copy filtered properties files.
[DEBUG] resource with targetPath null
directory C:\Users\pchikkag\Documents\workspace-spring-tools-for-eclipse-5.0.1.RELEASE\SkyRoute\UserService\UserService\src\main\resources
excludes []
includes [**/application*.yml, **/application*.yaml, **/application*.properties]
[DEBUG] ignoreDelta true
[INFO] Copying 1 resource from src\main\resources to target\classes
[DEBUG] Copying file application.properties
[DEBUG] file application.properties has a filtered file extension
[DEBUG] Using 'UTF-8' encoding to copy filtered resource 'application.properties'.
[DEBUG] filtering C:\Users\pchikkag\Documents\workspace-spring-tools-for-eclipse-5.0.1.RELEASE\SkyRoute\UserService\UserService\src\main\resources\application.properties to C:\Users\pchikkag\Documents\workspace-spring-tools-for-eclipse-5.0.1.RELEASE\SkyRoute\UserService\UserService\target\classes\application.properties
[DEBUG] resource with targetPath null
directory C:\Users\pchikkag\Documents\workspace-spring-tools-for-eclipse-5.0.1.RELEASE\SkyRoute\UserService\UserService\src\main\resources
excludes [**/application*.yml, **/application*.yaml, **/application*.properties]
includes []
[DEBUG] ignoreDelta true
[INFO] Copying 0 resource from src\main\resources to target\classes
[DEBUG] no user filter components
[INFO] 
[INFO] --- compiler:3.13.0:compile (default-compile) @ UserService ---
[DEBUG] Dependency collection stats {ConflictMarker.analyzeTime=52200, ConflictMarker.markTime=28900, ConflictMarker.nodeCount=22, ConflictIdSorter.graphTime=25000, ConflictIdSorter.topsortTime=26200, ConflictIdSorter.conflictIdCount=14, ConflictIdSorter.conflictIdCycleCount=0, ConflictResolver.totalTime=281600, ConflictResolver.conflictItemCount=22, DfDependencyCollector.collectTime=61223300, DfDependencyCollector.transformTime=445900}
[DEBUG] org.apache.maven.plugins:maven-compiler-plugin:jar:3.13.0
[DEBUG]    org.apache.maven.shared:maven-shared-utils:jar:3.4.2:compile
[DEBUG]       org.slf4j:slf4j-api:jar:1.7.36:compile
[DEBUG]       commons-io:commons-io:jar:2.11.0:compile
[DEBUG]    org.apache.maven.shared:maven-shared-incremental:jar:1.1:compile
[DEBUG]    org.codehaus.plexus:plexus-java:jar:1.2.0:compile
[DEBUG]       org.ow2.asm:asm:jar:9.6:compile
[DEBUG]       com.thoughtworks.qdox:qdox:jar:2.0.3:compile
[DEBUG]    org.codehaus.plexus:plexus-compiler-api:jar:2.15.0:compile
[DEBUG]    org.codehaus.plexus:plexus-compiler-manager:jar:2.15.0:compile
[DEBUG]       javax.inject:javax.inject:jar:1:compile
[DEBUG]       org.codehaus.plexus:plexus-xml:jar:3.0.0:compile (version managed from default)
[DEBUG]    org.codehaus.plexus:plexus-compiler-javac:jar:2.15.0:runtime
[DEBUG]    org.codehaus.plexus:plexus-utils:jar:4.0.0:compile
[DEBUG] Created new class realm plugin>org.apache.maven.plugins:maven-compiler-plugin:3.13.0
[DEBUG] Importing foreign packages into class realm plugin>org.apache.maven.plugins:maven-compiler-plugin:3.13.0
[DEBUG]   Imported:  < maven.api
[DEBUG] Populating class realm plugin>org.apache.maven.plugins:maven-compiler-plugin:3.13.0
[DEBUG]   Included: org.apache.maven.plugins:maven-compiler-plugin:jar:3.13.0
[DEBUG]   Included: org.apache.maven.shared:maven-shared-utils:jar:3.4.2
[DEBUG]   Included: commons-io:commons-io:jar:2.11.0
[DEBUG]   Included: org.apache.maven.shared:maven-shared-incremental:jar:1.1
[DEBUG]   Included: org.codehaus.plexus:plexus-java:jar:1.2.0
[DEBUG]   Included: org.ow2.asm:asm:jar:9.6
[DEBUG]   Included: com.thoughtworks.qdox:qdox:jar:2.0.3
[DEBUG]   Included: org.codehaus.plexus:plexus-compiler-api:jar:2.15.0
[DEBUG]   Included: org.codehaus.plexus:plexus-compiler-manager:jar:2.15.0
[DEBUG]   Included: org.codehaus.plexus:plexus-xml:jar:3.0.0
[DEBUG]   Included: org.codehaus.plexus:plexus-compiler-javac:jar:2.15.0
[DEBUG]   Included: org.codehaus.plexus:plexus-utils:jar:4.0.0
[DEBUG] Loading mojo org.apache.maven.plugins:maven-compiler-plugin:3.13.0:compile from plugin realm ClassRealm[plugin>org.apache.maven.plugins:maven-compiler-plugin:3.13.0, parent: jdk.internal.loader.ClassLoaders$AppClassLoader@1affbebc]
[DEBUG] Configuring mojo execution 'org.apache.maven.plugins:maven-compiler-plugin:3.13.0:compile:default-compile' with basic configurator -->
[DEBUG]   (f) annotationProcessorPathsUseDepMgmt = false
[DEBUG]   (f) basedir = C:\Users\pchikkag\Documents\workspace-spring-tools-for-eclipse-5.0.1.RELEASE\SkyRoute\UserService\UserService
[DEBUG]   (f) buildDirectory = C:\Users\pchikkag\Documents\workspace-spring-tools-for-eclipse-5.0.1.RELEASE\SkyRoute\UserService\UserService\target
[DEBUG]   (f) compilePath = [C:\Users\pchikkag\Documents\workspace-spring-tools-for-eclipse-5.0.1.RELEASE\SkyRoute\UserService\UserService\target\classes, C:\Users\pchikkag\.m2\repository\org\springframework\boot\spring-boot-starter-data-jpa\3.3.6\spring-boot-starter-data-jpa-3.3.6.jar, C:\Users\pchikkag\.m2\repository\org\springframework\boot\spring-boot-starter-aop\3.3.6\spring-boot-starter-aop-3.3.6.jar, C:\Users\pchikkag\.m2\repository\org\aspectj\aspectjweaver\1.9.22.1\aspectjweaver-1.9.22.1.jar, C:\Users\pchikkag\.m2\repository\org\springframework\boot\spring-boot-starter-jdbc\3.3.6\spring-boot-starter-jdbc-3.3.6.jar, C:\Users\pchikkag\.m2\repository\com\zaxxer\HikariCP\5.1.0\HikariCP-5.1.0.jar, C:\Users\pchikkag\.m2\repository\org\springframework\spring-jdbc\6.1.15\spring-jdbc-6.1.15.jar, C:\Users\pchikkag\.m2\repository\org\hibernate\orm\hibernate-core\6.5.3.Final\hibernate-core-6.5.3.Final.jar, C:\Users\pchikkag\.m2\repository\jakarta\persistence\jakarta.persistence-api\3.1.0\jakarta.persistence-api-3.1.0.jar, C:\Users\pchikkag\.m2\repository\jakarta\transaction\jakarta.transaction-api\2.0.1\jakarta.transaction-api-2.0.1.jar, C:\Users\pchikkag\.m2\repository\org\jboss\logging\jboss-logging\3.5.3.Final\jboss-logging-3.5.3.Final.jar, C:\Users\pchikkag\.m2\repository\com\fasterxml\classmate\1.7.0\classmate-1.7.0.jar, C:\Users\pchikkag\.m2\repository\jakarta\inject\jakarta.inject-api\2.0.1\jakarta.inject-api-2.0.1.jar, C:\Users\pchikkag\.m2\repository\org\antlr\antlr4-runtime\4.13.0\antlr4-runtime-4.13.0.jar, C:\Users\pchikkag\.m2\repository\org\springframework\data\spring-data-jpa\3.3.6\spring-data-jpa-3.3.6.jar, C:\Users\pchikkag\.m2\repository\org\springframework\data\spring-data-commons\3.3.6\spring-data-commons-3.3.6.jar, C:\Users\pchikkag\.m2\repository\org\springframework\spring-orm\6.1.15\spring-orm-6.1.15.jar, C:\Users\pchikkag\.m2\repository\org\springframework\spring-context\6.1.15\spring-context-6.1.15.jar, C:\Users\pchikkag\.m2\repository\org\springframework\spring-tx\6.1.15\spring-tx-6.1.15.jar, C:\Users\pchikkag\.m2\repository\org\springframework\spring-beans\6.1.15\spring-beans-6.1.15.jar, C:\Users\pchikkag\.m2\repository\jakarta\annotation\jakarta.annotation-api\2.1.1\jakarta.annotation-api-2.1.1.jar, C:\Users\pchikkag\.m2\repository\org\slf4j\slf4j-api\2.0.16\slf4j-api-2.0.16.jar, C:\Users\pchikkag\.m2\repository\org\springframework\spring-aspects\6.1.15\spring-aspects-6.1.15.jar, C:\Users\pchikkag\.m2\repository\org\springframework\boot\spring-boot-starter-security\3.3.6\spring-boot-starter-security-3.3.6.jar, C:\Users\pchikkag\.m2\repository\org\springframework\boot\spring-boot-starter\3.3.6\spring-boot-starter-3.3.6.jar, C:\Users\pchikkag\.m2\repository\org\springframework\boot\spring-boot-starter-logging\3.3.6\spring-boot-starter-logging-3.3.6.jar, C:\Users\pchikkag\.m2\repository\ch\qos\logback\logback-classic\1.5.12\logback-classic-1.5.12.jar, C:\Users\pchikkag\.m2\repository\ch\qos\logback\logback-core\1.5.12\logback-core-1.5.12.jar, C:\Users\pchikkag\.m2\repository\org\apache\logging\log4j\log4j-to-slf4j\2.23.1\log4j-to-slf4j-2.23.1.jar, C:\Users\pchikkag\.m2\repository\org\apache\logging\log4j\log4j-api\2.23.1\log4j-api-2.23.1.jar, C:\Users\pchikkag\.m2\repository\org\slf4j\jul-to-slf4j\2.0.16\jul-to-slf4j-2.0.16.jar, C:\Users\pchikkag\.m2\repository\org\yaml\snakeyaml\2.2\snakeyaml-2.2.jar, C:\Users\pchikkag\.m2\repository\org\springframework\spring-aop\6.1.15\spring-aop-6.1.15.jar, C:\Users\pchikkag\.m2\repository\org\springframework\security\spring-security-config\6.3.5\spring-security-config-6.3.5.jar, C:\Users\pchikkag\.m2\repository\org\springframework\security\spring-security-web\6.3.5\spring-security-web-6.3.5.jar, C:\Users\pchikkag\.m2\repository\org\springframework\spring-expression\6.1.15\spring-expression-6.1.15.jar, C:\Users\pchikkag\.m2\repository\org\springframework\boot\spring-boot-starter-validation\3.3.6\spring-boot-starter-validation-3.3.6.jar, C:\Users\pchikkag\.m2\repository\org\apache\tomcat\embed\tomcat-embed-el\10.1.33\tomcat-embed-el-10.1.33.jar, C:\Users\pchikkag\.m2\repository\org\hibernate\validator\hibernate-validator\8.0.1.Final\hibernate-validator-8.0.1.Final.jar, C:\Users\pchikkag\.m2\repository\jakarta\validation\jakarta.validation-api\3.0.2\jakarta.validation-api-3.0.2.jar, C:\Users\pchikkag\.m2\repository\org\springframework\boot\spring-boot-starter-web\3.3.6\spring-boot-starter-web-3.3.6.jar, C:\Users\pchikkag\.m2\repository\org\springframework\boot\spring-boot-starter-json\3.3.6\spring-boot-starter-json-3.3.6.jar, C:\Users\pchikkag\.m2\repository\com\fasterxml\jackson\datatype\jackson-datatype-jdk8\2.17.3\jackson-datatype-jdk8-2.17.3.jar, C:\Users\pchikkag\.m2\repository\com\fasterxml\jackson\datatype\jackson-datatype-jsr310\2.17.3\jackson-datatype-jsr310-2.17.3.jar, C:\Users\pchikkag\.m2\repository\com\fasterxml\jackson\module\jackson-module-parameter-names\2.17.3\jackson-module-parameter-names-2.17.3.jar, C:\Users\pchikkag\.m2\repository\org\springframework\boot\spring-boot-starter-tomcat\3.3.6\spring-boot-starter-tomcat-3.3.6.jar, C:\Users\pchikkag\.m2\repository\org\apache\tomcat\embed\tomcat-embed-core\10.1.33\tomcat-embed-core-10.1.33.jar, C:\Users\pchikkag\.m2\repository\org\apache\tomcat\embed\tomcat-embed-websocket\10.1.33\tomcat-embed-websocket-10.1.33.jar, C:\Users\pchikkag\.m2\repository\org\springframework\spring-web\6.1.15\spring-web-6.1.15.jar, C:\Users\pchikkag\.m2\repository\io\micrometer\micrometer-observation\1.13.8\micrometer-observation-1.13.8.jar, C:\Users\pchikkag\.m2\repository\io\micrometer\micrometer-commons\1.13.8\micrometer-commons-1.13.8.jar, C:\Users\pchikkag\.m2\repository\org\springframework\spring-webmvc\6.1.15\spring-webmvc-6.1.15.jar, C:\Users\pchikkag\.m2\repository\org\springframework\cloud\spring-cloud-starter-netflix-eureka-client\4.1.3\spring-cloud-starter-netflix-eureka-client-4.1.3.jar, C:\Users\pchikkag\.m2\repository\org\springframework\cloud\spring-cloud-starter\4.1.4\spring-cloud-starter-4.1.4.jar, C:\Users\pchikkag\.m2\repository\org\springframework\cloud\spring-cloud-context\4.1.4\spring-cloud-context-4.1.4.jar, C:\Users\pchikkag\.m2\repository\org\springframework\cloud\spring-cloud-commons\4.1.4\spring-cloud-commons-4.1.4.jar, C:\Users\pchikkag\.m2\repository\org\springframework\security\spring-security-rsa\1.1.3\spring-security-rsa-1.1.3.jar, C:\Users\pchikkag\.m2\repository\org\bouncycastle\bcprov-jdk18on\1.78\bcprov-jdk18on-1.78.jar, C:\Users\pchikkag\.m2\repository\org\springframework\cloud\spring-cloud-netflix-eureka-client\4.1.3\spring-cloud-netflix-eureka-client-4.1.3.jar, C:\Users\pchikkag\.m2\repository\org\apache\httpcomponents\client5\httpclient5\5.3.1\httpclient5-5.3.1.jar, C:\Users\pchikkag\.m2\repository\org\apache\httpcomponents\core5\httpcore5\5.2.5\httpcore5-5.2.5.jar, C:\Users\pchikkag\.m2\repository\org\apache\httpcomponents\core5\httpcore5-h2\5.2.5\httpcore5-h2-5.2.5.jar, C:\Users\pchikkag\.m2\repository\com\netflix\eureka\eureka-client\2.0.3\eureka-client-2.0.3.jar, C:\Users\pchikkag\.m2\repository\com\thoughtworks\xstream\xstream\1.4.20\xstream-1.4.20.jar, C:\Users\pchikkag\.m2\repository\io\github\x-stream\mxparser\1.2.2\mxparser-1.2.2.jar, C:\Users\pchikkag\.m2\repository\xmlpull\xmlpull\1.1.3.1\xmlpull-1.1.3.1.jar, C:\Users\pchikkag\.m2\repository\jakarta\ws\rs\jakarta.ws.rs-api\3.1.0\jakarta.ws.rs-api-3.1.0.jar, C:\Users\pchikkag\.m2\repository\com\netflix\spectator\spectator-api\1.7.3\spectator-api-1.7.3.jar, C:\Users\pchikkag\.m2\repository\org\apache\httpcomponents\httpclient\4.5.3\httpclient-4.5.3.jar, C:\Users\pchikkag\.m2\repository\org\apache\httpcomponents\httpcore\4.4.16\httpcore-4.4.16.jar, C:\Users\pchikkag\.m2\repository\commons-codec\commons-codec\1.16.1\commons-codec-1.16.1.jar, C:\Users\pchikkag\.m2\repository\commons-configuration\commons-configuration\1.10\commons-configuration-1.10.jar, C:\Users\pchikkag\.m2\repository\commons-lang\commons-lang\2.6\commons-lang-2.6.jar, C:\Users\pchikkag\.m2\repository\com\fasterxml\jackson\core\jackson-annotations\2.17.3\jackson-annotations-2.17.3.jar, C:\Users\pchikkag\.m2\repository\com\fasterxml\jackson\core\jackson-core\2.17.3\jackson-core-2.17.3.jar, C:\Users\pchikkag\.m2\repository\com\netflix\eureka\eureka-core\2.0.3\eureka-core-2.0.3.jar, C:\Users\pchikkag\.m2\repository\com\fasterxml\woodstox\woodstox-core\6.2.1\woodstox-core-6.2.1.jar, C:\Users\pchikkag\.m2\repository\org\codehaus\woodstox\stax2-api\4.2.1\stax2-api-4.2.1.jar, C:\Users\pchikkag\.m2\repository\org\springframework\cloud\spring-cloud-starter-loadbalancer\4.1.4\spring-cloud-starter-loadbalancer-4.1.4.jar, C:\Users\pchikkag\.m2\repository\org\springframework\cloud\spring-cloud-loadbalancer\4.1.4\spring-cloud-loadbalancer-4.1.4.jar, C:\Users\pchikkag\.m2\repository\io\projectreactor\reactor-core\3.6.12\reactor-core-3.6.12.jar, C:\Users\pchikkag\.m2\repository\org\reactivestreams\reactive-streams\1.0.4\reactive-streams-1.0.4.jar, C:\Users\pchikkag\.m2\repository\io\projectreactor\addons\reactor-extra\3.5.2\reactor-extra-3.5.2.jar, C:\Users\pchikkag\.m2\repository\org\springframework\boot\spring-boot-starter-cache\3.3.6\spring-boot-starter-cache-3.3.6.jar, C:\Users\pchikkag\.m2\repository\org\springframework\spring-context-support\6.1.15\spring-context-support-6.1.15.jar, C:\Users\pchikkag\.m2\repository\com\stoyanr\evictor\1.0.0\evictor-1.0.0.jar, C:\Users\pchikkag\.m2\repository\org\springframework\boot\spring-boot\3.3.6\spring-boot-3.3.6.jar, C:\Users\pchikkag\.m2\repository\org\springframework\boot\spring-boot-autoconfigure\3.3.6\spring-boot-autoconfigure-3.3.6.jar, C:\Users\pchikkag\.m2\repository\org\projectlombok\lombok\1.18.36\lombok-1.18.36.jar, C:\Users\pchikkag\.m2\repository\io\jsonwebtoken\jjwt-api\0.11.5\jjwt-api-0.11.5.jar, C:\Users\pchikkag\.m2\repository\com\fasterxml\jackson\core\jackson-databind\2.17.3\jackson-databind-2.17.3.jar, C:\Users\pchikkag\.m2\repository\org\springframework\spring-core\6.1.15\spring-core-6.1.15.jar, C:\Users\pchikkag\.m2\repository\org\springframework\spring-jcl\6.1.15\spring-jcl-6.1.15.jar, C:\Users\pchikkag\.m2\repository\org\springframework\security\spring-security-core\6.3.5\spring-security-core-6.3.5.jar, C:\Users\pchikkag\.m2\repository\org\springframework\security\spring-security-crypto\6.3.5\spring-security-crypto-6.3.5.jar]
[DEBUG]   (f) compileSourceRoots = [C:\Users\pchikkag\Documents\workspace-spring-tools-for-eclipse-5.0.1.RELEASE\SkyRoute\UserService\UserService\src\main\java]
[DEBUG]   (f) compilerId = javac
[DEBUG]   (f) createMissingPackageInfoClass = true
[DEBUG]   (f) debug = true
[DEBUG]   (f) debugFileName = javac
[DEBUG]   (f) enablePreview = false
[DEBUG]   (f) encoding = UTF-8
[DEBUG]   (f) failOnError = true
[DEBUG]   (f) failOnWarning = false
[DEBUG]   (f) fileExtensions = [jar, class]
[DEBUG]   (f) forceJavacCompilerUse = false
[DEBUG]   (f) forceLegacyJavacApi = false
[DEBUG]   (f) fork = false
[DEBUG]   (f) generatedSourcesDirectory = C:\Users\pchikkag\Documents\workspace-spring-tools-for-eclipse-5.0.1.RELEASE\SkyRoute\UserService\UserService\target\generated-sources\annotations
[DEBUG]   (f) mojoExecution = org.apache.maven.plugins:maven-compiler-plugin:3.13.0:compile {execution: default-compile}
[DEBUG]   (f) optimize = false
[DEBUG]   (f) outputDirectory = C:\Users\pchikkag\Documents\workspace-spring-tools-for-eclipse-5.0.1.RELEASE\SkyRoute\UserService\UserService\target\classes
[DEBUG]   (f) parameters = true
[DEBUG]   (f) project = MavenProject: com.SkyRoute:UserService:0.0.1-SNAPSHOT @ C:\Users\pchikkag\Documents\workspace-spring-tools-for-eclipse-5.0.1.RELEASE\SkyRoute\UserService\UserService\pom.xml
[DEBUG]   (f) projectArtifact = com.SkyRoute:UserService:jar:0.0.1-SNAPSHOT
[DEBUG]   (s) release = 21
[DEBUG]   (f) session = org.apache.maven.execution.MavenSession@a5bbaec
[DEBUG]   (f) showCompilationChanges = false
[DEBUG]   (f) showDeprecation = false
[DEBUG]   (f) showWarnings = true
[DEBUG]   (f) skipMultiThreadWarning = false
[DEBUG]   (f) source = 1.8
[DEBUG]   (f) staleMillis = 0
[DEBUG]   (s) target = 1.8
[DEBUG]   (f) useIncrementalCompilation = true
[DEBUG]   (f) verbose = false
[DEBUG] -- end configuration --
[DEBUG] Using compiler 'javac'.
[DEBUG] Adding C:\Users\pchikkag\Documents\workspace-spring-tools-for-eclipse-5.0.1.RELEASE\SkyRoute\UserService\UserService\target\generated-sources\annotations to compile source roots:
  C:\Users\pchikkag\Documents\workspace-spring-tools-for-eclipse-5.0.1.RELEASE\SkyRoute\UserService\UserService\src\main\java
[DEBUG] New compile source roots:
  C:\Users\pchikkag\Documents\workspace-spring-tools-for-eclipse-5.0.1.RELEASE\SkyRoute\UserService\UserService\src\main\java
  C:\Users\pchikkag\Documents\workspace-spring-tools-for-eclipse-5.0.1.RELEASE\SkyRoute\UserService\UserService\target\generated-sources\annotations
[DEBUG] CompilerReuseStrategy: reuseCreated
[DEBUG] useIncrementalCompilation enabled
[INFO] Nothing to compile - all classes are up to date.
[INFO] 
[INFO] --- resources:3.3.1:testResources (default-testResources) @ UserService ---
[DEBUG] Loading mojo org.apache.maven.plugins:maven-resources-plugin:3.3.1:testResources from plugin realm ClassRealm[plugin>org.apache.maven.plugins:maven-resources-plugin:3.3.1, parent: jdk.internal.loader.ClassLoaders$AppClassLoader@1affbebc]
[DEBUG] Configuring mojo execution 'org.apache.maven.plugins:maven-resources-plugin:3.3.1:testResources:default-testResources' with basic configurator -->
[DEBUG]   (f) addDefaultExcludes = true
[DEBUG]   (f) buildFilters = []
[DEBUG]   (s) delimiters = [@]
[DEBUG]   (f) encoding = UTF-8
[DEBUG]   (f) escapeWindowsPaths = true
[DEBUG]   (f) fileNameFiltering = false
[DEBUG]   (s) includeEmptyDirs = false
[DEBUG]   (s) outputDirectory = C:\Users\pchikkag\Documents\workspace-spring-tools-for-eclipse-5.0.1.RELEASE\SkyRoute\UserService\UserService\target\test-classes
[DEBUG]   (s) overwrite = false
[DEBUG]   (f) project = MavenProject: com.SkyRoute:UserService:0.0.1-SNAPSHOT @ C:\Users\pchikkag\Documents\workspace-spring-tools-for-eclipse-5.0.1.RELEASE\SkyRoute\UserService\UserService\pom.xml
[DEBUG]   (f) propertiesEncoding = UTF-8
[DEBUG]   (s) resources = [Resource {targetPath: null, filtering: false, FileSet {directory: C:\Users\pchikkag\Documents\workspace-spring-tools-for-eclipse-5.0.1.RELEASE\SkyRoute\UserService\UserService\src\test\resources, PatternSet [includes: {}, excludes: {}]}}]
[DEBUG]   (f) session = org.apache.maven.execution.MavenSession@a5bbaec
[DEBUG]   (f) skip = false
[DEBUG]   (f) supportMultiLineFiltering = false
[DEBUG]   (f) useBuildFilters = true
[DEBUG]   (s) useDefaultDelimiters = false
[DEBUG] -- end configuration --
[DEBUG] properties used:
[DEBUG] activemq.version: 6.1.4
[DEBUG] angus-mail.version: 2.0.3
[DEBUG] artemis.version: 2.33.0
[DEBUG] aspectj.version: 1.9.22.1
[DEBUG] assertj.version: 3.25.3
[DEBUG] awaitility.version: 4.2.2
[DEBUG] brave.version: 6.0.3
[DEBUG] build-helper-maven-plugin.version: 3.5.0
[DEBUG] byte-buddy.version: 1.14.19
[DEBUG] cache2k.version: 2.6.1.Final
[DEBUG] caffeine.version: 3.1.8
[DEBUG] cassandra-driver.version: 4.18.1
[DEBUG] classmate.version: 1.7.0
[DEBUG] classworlds.conf: C:\Users\pchikkag\.m2\wrapper\dists\apache-maven-3.9.12\59fe215c0ad6947fea90184bf7add084544567b927287592651fda3782e0e798\bin\m2.conf
[DEBUG] commons-codec.version: 1.16.1
[DEBUG] commons-dbcp2.version: 2.12.0
[DEBUG] commons-lang3.version: 3.14.0
[DEBUG] commons-pool.version: 1.6
[DEBUG] commons-pool2.version: 2.12.0
[DEBUG] couchbase-client.version: 3.6.3
[DEBUG] crac.version: 1.4.0
[DEBUG] cyclonedx-maven-plugin.version: 2.8.2
[DEBUG] db2-jdbc.version: 11.5.9.0
[DEBUG] dependency-management-plugin.version: 1.1.6
[DEBUG] derby.version: 10.16.1.1
[DEBUG] ehcache3.version: 3.10.8
[DEBUG] elasticsearch-client.version: 8.13.4
[DEBUG] env.=C:: C:\Users\pchikkag\Documents\workspace-spring-tools-for-eclipse-5.0.1.RELEASE\SkyRoute\UserService\UserService
[DEBUG] env.=EXITCODE: 00000000
[DEBUG] env.ALLUSERSPROFILE: C:\ProgramData
[DEBUG] env.ANTIGRAVITY_AGENT: 1
[DEBUG] env.ANTIGRAVITY_CLI_ALIAS: agy
[DEBUG] env.APPDATA: C:\Users\pchikkag\AppData\Roaming
[DEBUG] env.CHROME_CRASHPAD_PIPE_NAME: \\.\pipe\crashpad_31536_UHNUGFNKBSDWZPDB
[DEBUG] env.CLASSWORLDS_JAR: "C:\Users\pchikkag\.m2\wrapper\dists\apache-maven-3.9.12\59fe215c0ad6947fea90184bf7add084544567b927287592651fda3782e0e798\boot\plexus-classworlds-2.9.0.jar"
[DEBUG] env.CLASSWORLDS_LAUNCHER: org.codehaus.plexus.classworlds.launcher.Launcher
[DEBUG] env.COLORTERM: truecolor
[DEBUG] env.COMMONPROGRAMFILES: C:\Program Files\Common Files
[DEBUG] env.COMMONPROGRAMFILES(X86): C:\Program Files (x86)\Common Files
[DEBUG] env.COMMONPROGRAMW6432: C:\Program Files\Common Files
[DEBUG] env.COMPUTERNAME: LIN-5CG3251NH2
[DEBUG] env.COMSPEC: C:\WINDOWS\system32\cmd.exe
[DEBUG] env.DRIVERDATA: C:\Windows\System32\Drivers\DriverData
[DEBUG] env.EFC_11468_1592913036: 1
[DEBUG] env.ERROR_CODE: 0
[DEBUG] env.EXEC_DIR: C:\Users\pchikkag\Documents\workspace-spring-tools-for-eclipse-5.0.1.RELEASE\SkyRoute\UserService\UserService
[DEBUG] env.HOMEDRIVE: C:
[DEBUG] env.HOMEPATH: \Users\pchikkag
[DEBUG] env.INTERNAL_MAVEN_OPTS: --enable-native-access=ALL-UNNAMED 
[DEBUG] env.JAVACMD: C:\Program Files\Eclipse Adoptium\jdk-25.0.1.8-hotspot\bin\java.exe
[DEBUG] env.JVMCONFIG: \.mvn\jvm.config
[DEBUG] env.LANG: en_US.UTF-8
[DEBUG] env.LOCALAPPDATA: C:\Users\pchikkag\AppData\Local
[DEBUG] env.LOGONSERVER: \\LIN-5CG3251NH2
[DEBUG] env.MAVEN_CMD_LINE_ARGS: -X test -l build_debug.log
[DEBUG] env.MAVEN_HOME: C:\Users\pchikkag\.m2\wrapper\dists\apache-maven-3.9.12\59fe215c0ad6947fea90184bf7add084544567b927287592651fda3782e0e798
[DEBUG] env.MAVEN_PROJECTBASEDIR: C:\Users\pchikkag\Documents\workspace-spring-tools-for-eclipse-5.0.1.RELEASE\SkyRoute\UserService\UserService
[DEBUG] env.NEXTHINK: C:\Program Files\Nexthink\Collector
[DEBUG] env.NUMBER_OF_PROCESSORS: 12
[DEBUG] env.ONEDRIVE: C:\Users\pchikkag\OneDrive
[DEBUG] env.OS: Windows_NT
[DEBUG] env.PAGER: cat
[DEBUG] env.PATH: C:\Program Files\Eclipse Adoptium\jdk-25.0.1.8-hotspot\bin;C:\WINDOWS\system32;C:\WINDOWS;C:\WINDOWS\System32\Wbem;C:\WINDOWS\System32\WindowsPowerShell\v1.0\;C:\WINDOWS\System32\OpenSSH\;C:\Program Files\Microsoft VS Code\bin;C:\Program Files\ServiceNow\agent-client-collector\bin;C:\Program Files\ServiceNow\agent-client-collector\embedded\bin;C:\Users\pchikkag\AppData\Local\Microsoft\WindowsApps;C:\Users\pchikkag\AppData\Local\Programs\Antigravity\bin
[DEBUG] env.PATHEXT: .COM;.EXE;.BAT;.CMD;.VBS;.VBE;.JS;.JSE;.WSF;.WSH;.MSC;.CPL
[DEBUG] env.PROCESSOR_ARCHITECTURE: AMD64
[DEBUG] env.PROCESSOR_IDENTIFIER: AMD64 Family 25 Model 68 Stepping 1, AuthenticAMD
[DEBUG] env.PROCESSOR_LEVEL: 25
[DEBUG] env.PROCESSOR_REVISION: 4401
[DEBUG] env.PROGRAMDATA: C:\ProgramData
[DEBUG] env.PROGRAMFILES: C:\Program Files
[DEBUG] env.PROGRAMFILES(X86): C:\Program Files (x86)
[DEBUG] env.PROGRAMW6432: C:\Program Files
[DEBUG] env.PROMPT: $P$G
[DEBUG] env.PSMODULEPATH: C:\Users\pchikkag\Documents\WindowsPowerShell\Modules;C:\Program Files\WindowsPowerShell\Modules;C:\WINDOWS\system32\WindowsPowerShell\v1.0\Modules
[DEBUG] env.PUBLIC: C:\Users\Public
[DEBUG] env.SESSIONNAME: Console
[DEBUG] env.SN_AGENT_HOME_DIR: C:\Program Files\ServiceNow\agent-client-collector\
[DEBUG] env.SYSTEMDRIVE: C:
[DEBUG] env.SYSTEMROOT: C:\WINDOWS
[DEBUG] env.TEMP: C:\Users\pchikkag\AppData\Local\Temp
[DEBUG] env.TERM_PROGRAM: vscode
[DEBUG] env.TERM_PROGRAM_VERSION: 1.107.0
[DEBUG] env.TMP: C:\Users\pchikkag\AppData\Local\Temp
[DEBUG] env.USERDNSDOMAIN: corp.capgemini.com
[DEBUG] env.USERDOMAIN: CORP
[DEBUG] env.USERDOMAIN_ROAMINGPROFILE: CORP
[DEBUG] env.USERNAME: pchikkag
[DEBUG] env.USERPROFILE: C:\Users\pchikkag
[DEBUG] env.VSCODE_INJECTION: 1
[DEBUG] env.VSCODE_JDWP_ADAPTER_ENDPOINTS: c:\Users\pchikkag\.antigravity\extensions\vscjava.vscode-java-debug-0.58.5-universal\.noConfigDebugAdapterEndpoints\endpoint-2d92a7df660f296a.txt
[DEBUG] env.VSCODE_PYTHON_AUTOACTIVATE_GUARD: 1
[DEBUG] env.WDIR: C:\Users\pchikkag\Documents\workspace-spring-tools-for-eclipse-5.0.1.RELEASE\SkyRoute\UserService\UserService
[DEBUG] env.WINDIR: C:\WINDOWS
[DEBUG] env.__MVNW_CMD__: C:\Users\pchikkag/.m2/wrapper/dists/apache-maven-3.9.12/59fe215c0ad6947fea90184bf7add084544567b927287592651fda3782e0e798/bin/mvn.cmd
[DEBUG] file.encoding: UTF-8
[DEBUG] file.separator: \
[DEBUG] flyway.version: 10.10.0
[DEBUG] freemarker.version: 2.3.33
[DEBUG] git-commit-id-maven-plugin.version: 8.0.2
[DEBUG] glassfish-jaxb.version: 4.0.5
[DEBUG] glassfish-jstl.version: 3.0.1
[DEBUG] graphql-java.version: 22.3
[DEBUG] groovy.version: 4.0.24
[DEBUG] gson.version: 2.10.1
[DEBUG] h2.version: 2.2.224
[DEBUG] hamcrest.version: 2.2
[DEBUG] hazelcast.version: 5.4.0
[DEBUG] hibernate-validator.version: 8.0.1.Final
[DEBUG] hibernate.version: 6.5.3.Final
[DEBUG] hikaricp.version: 5.1.0
[DEBUG] hsqldb.version: 2.7.3
[DEBUG] htmlunit.version: 2.70.0
[DEBUG] httpasyncclient.version: 4.1.5
[DEBUG] httpclient5.version: 5.3.1
[DEBUG] httpcore.version: 4.4.16
[DEBUG] httpcore5.version: 5.2.5
[DEBUG] infinispan.version: 15.0.11.Final
[DEBUG] influxdb-java.version: 2.24
[DEBUG] jackson-bom.version: 2.17.3
[DEBUG] jakarta-activation.version: 2.1.3
[DEBUG] jakarta-annotation.version: 2.1.1
[DEBUG] jakarta-inject.version: 2.0.1
[DEBUG] jakarta-jms.version: 3.1.0
[DEBUG] jakarta-json-bind.version: 3.0.1
[DEBUG] jakarta-json.version: 2.1.3
[DEBUG] jakarta-mail.version: 2.1.3
[DEBUG] jakarta-management.version: 1.1.4
[DEBUG] jakarta-persistence.version: 3.1.0
[DEBUG] jakarta-servlet-jsp-jstl.version: 3.0.2
[DEBUG] jakarta-servlet.version: 6.0.0
[DEBUG] jakarta-transaction.version: 2.0.1
[DEBUG] jakarta-validation.version: 3.0.2
[DEBUG] jakarta-websocket.version: 2.1.1
[DEBUG] jakarta-ws-rs.version: 3.1.0
[DEBUG] jakarta-xml-bind.version: 4.0.2
[DEBUG] jakarta-xml-soap.version: 3.0.2
[DEBUG] jakarta-xml-ws.version: 4.0.2
[DEBUG] janino.version: 3.1.12
[DEBUG] java.class.path: C:\Users\pchikkag\.m2\wrapper\dists\apache-maven-3.9.12\59fe215c0ad6947fea90184bf7add084544567b927287592651fda3782e0e798\boot\plexus-classworlds-2.9.0.jar
[DEBUG] java.class.version: 69.0
[DEBUG] java.home: C:\Program Files\Eclipse Adoptium\jdk-25.0.1.8-hotspot
[DEBUG] java.io.tmpdir: C:\Users\pchikkag\AppData\Local\Temp\
[DEBUG] java.library.path: C:\Program Files\Eclipse Adoptium\jdk-25.0.1.8-hotspot\bin;C:\WINDOWS\Sun\Java\bin;C:\WINDOWS\system32;C:\WINDOWS;C:\Program Files\Eclipse Adoptium\jdk-25.0.1.8-hotspot\bin;C:\WINDOWS\system32;C:\WINDOWS;C:\WINDOWS\System32\Wbem;C:\WINDOWS\System32\WindowsPowerShell\v1.0\;C:\WINDOWS\System32\OpenSSH\;C:\Program Files\Microsoft VS Code\bin;C:\Program Files\ServiceNow\agent-client-collector\bin;C:\Program Files\ServiceNow\agent-client-collector\embedded\bin;C:\Users\pchikkag\AppData\Local\Microsoft\WindowsApps;C:\Users\pchikkag\AppData\Local\Programs\Antigravity\bin;.
[DEBUG] java.runtime.name: OpenJDK Runtime Environment
[DEBUG] java.runtime.version: 25.0.1+8-LTS
[DEBUG] java.specification.name: Java Platform API Specification
[DEBUG] java.specification.vendor: Oracle Corporation
[DEBUG] java.specification.version: 25
[DEBUG] java.vendor: Eclipse Adoptium
[DEBUG] java.vendor.url: https://adoptium.net/
[DEBUG] java.vendor.url.bug: https://github.com/adoptium/adoptium-support/issues
[DEBUG] java.vendor.version: Temurin-25.0.1+8
[DEBUG] java.version: 25.0.1
[DEBUG] java.version.date: 2025-10-21
[DEBUG] java.vm.compressedOopsMode: Zero based
[DEBUG] java.vm.info: mixed mode, sharing
[DEBUG] java.vm.name: OpenJDK 64-Bit Server VM
[DEBUG] java.vm.specification.name: Java Virtual Machine Specification
[DEBUG] java.vm.specification.vendor: Oracle Corporation
[DEBUG] java.vm.specification.version: 25
[DEBUG] java.vm.vendor: Eclipse Adoptium
[DEBUG] java.vm.version: 25.0.1+8-LTS
[DEBUG] javax-cache.version: 1.1.1
[DEBUG] javax-money.version: 1.1
[DEBUG] jaxen.version: 2.0.0
[DEBUG] jaybird.version: 5.0.6.java11
[DEBUG] jboss-logging.version: 3.5.3.Final
[DEBUG] jdk.debug: release
[DEBUG] jdom2.version: 2.0.6.1
[DEBUG] jedis.version: 5.0.2
[DEBUG] jersey.version: 3.1.9
[DEBUG] jetty-reactive-httpclient.version: 4.0.8
[DEBUG] jetty.version: 12.0.15
[DEBUG] jmustache.version: 1.16
[DEBUG] jooq.version: 3.19.15
[DEBUG] json-path.version: 2.9.0
[DEBUG] json-smart.version: 2.5.1
[DEBUG] jsonassert.version: 1.5.3
[DEBUG] jtds.version: 1.3.1
[DEBUG] junit-jupiter.version: 5.10.5
[DEBUG] junit.version: 4.13.2
[DEBUG] kafka.version: 3.7.1
[DEBUG] kotlin-coroutines.version: 1.8.1
[DEBUG] kotlin-serialization.version: 1.6.3
[DEBUG] kotlin.version: 1.9.25
[DEBUG] lettuce.version: 6.3.2.RELEASE
[DEBUG] library.jansi.path: C:\Users\pchikkag\.m2\wrapper\dists\apache-maven-3.9.12\59fe215c0ad6947fea90184bf7add084544567b927287592651fda3782e0e798\lib\jansi-native
[DEBUG] line.separator: 

[DEBUG] liquibase.version: 4.27.0
[DEBUG] log4j2.version: 2.23.1
[DEBUG] logback.version: 1.5.12
[DEBUG] lombok.version: 1.18.36
[DEBUG] mariadb.version: 3.3.3
[DEBUG] maven-antrun-plugin.version: 3.1.0
[DEBUG] maven-assembly-plugin.version: 3.7.1
[DEBUG] maven-clean-plugin.version: 3.3.2
[DEBUG] maven-compiler-plugin.version: 3.13.0
[DEBUG] maven-dependency-plugin.version: 3.6.1
[DEBUG] maven-deploy-plugin.version: 3.1.3
[DEBUG] maven-enforcer-plugin.version: 3.4.1
[DEBUG] maven-failsafe-plugin.version: 3.2.5
[DEBUG] maven-help-plugin.version: 3.4.1
[DEBUG] maven-install-plugin.version: 3.1.3
[DEBUG] maven-invoker-plugin.version: 3.6.1
[DEBUG] maven-jar-plugin.version: 3.4.2
[DEBUG] maven-javadoc-plugin.version: 3.6.3
[DEBUG] maven-resources-plugin.version: 3.3.1
[DEBUG] maven-shade-plugin.version: 3.5.3
[DEBUG] maven-source-plugin.version: 3.3.1
[DEBUG] maven-surefire-plugin.version: 3.2.5
[DEBUG] maven-war-plugin.version: 3.4.0
[DEBUG] maven.build.timestamp: 2026-03-11T09:20:48Z
[DEBUG] maven.build.version: Apache Maven 3.9.12 (848fbb4bf2d427b72bdb2471c22fced7ebd9a7a1)
[DEBUG] maven.compiler.release: 21
[DEBUG] maven.conf: C:\Users\pchikkag\.m2\wrapper\dists\apache-maven-3.9.12\59fe215c0ad6947fea90184bf7add084544567b927287592651fda3782e0e798/conf
[DEBUG] maven.home: C:\Users\pchikkag\.m2\wrapper\dists\apache-maven-3.9.12\59fe215c0ad6947fea90184bf7add084544567b927287592651fda3782e0e798
[DEBUG] maven.multiModuleProjectDirectory: C:\Users\pchikkag\Documents\workspace-spring-tools-for-eclipse-5.0.1.RELEASE\SkyRoute\UserService\UserService
[DEBUG] maven.version: 3.9.12
[DEBUG] micrometer-tracing.version: 1.3.6
[DEBUG] micrometer.version: 1.13.8
[DEBUG] mockito.version: 5.11.0
[DEBUG] mongodb.version: 5.0.1
[DEBUG] mssql-jdbc.version: 12.6.4.jre11
[DEBUG] mysql.version: 8.3.0
[DEBUG] native-build-tools-plugin.version: 0.10.3
[DEBUG] native.encoding: Cp1252
[DEBUG] nekohtml.version: 1.9.22
[DEBUG] neo4j-java-driver.version: 5.25.0
[DEBUG] netty.version: 4.1.115.Final
[DEBUG] okhttp.version: 4.12.0
[DEBUG] opentelemetry.version: 1.38.0
[DEBUG] oracle-database.version: 21.9.0.0
[DEBUG] oracle-r2dbc.version: 1.2.0
[DEBUG] os.arch: amd64
[DEBUG] os.name: Windows 11
[DEBUG] os.version: 10.0
[DEBUG] path.separator: ;
[DEBUG] pooled-jms.version: 3.1.7
[DEBUG] postgresql.version: 42.7.4
[DEBUG] project.baseUri: file:/C:/Users/pchikkag/Documents/workspace-spring-tools-for-eclipse-5.0.1.RELEASE/SkyRoute/UserService/UserService/
[DEBUG] project.build.sourceEncoding: UTF-8
[DEBUG] project.reporting.outputEncoding: UTF-8
[DEBUG] prometheus-client.version: 1.2.1
[DEBUG] prometheus-simpleclient.version: 0.16.0
[DEBUG] pulsar-reactive.version: 0.5.9
[DEBUG] pulsar.version: 3.2.4
[DEBUG] quartz.version: 2.3.2
[DEBUG] querydsl.version: 5.1.0
[DEBUG] r2dbc-h2.version: 1.0.0.RELEASE
[DEBUG] r2dbc-mariadb.version: 1.2.2
[DEBUG] r2dbc-mssql.version: 1.0.2.RELEASE
[DEBUG] r2dbc-mysql.version: 1.1.3
[DEBUG] r2dbc-pool.version: 1.0.2.RELEASE
[DEBUG] r2dbc-postgresql.version: 1.0.7.RELEASE
[DEBUG] r2dbc-proxy.version: 1.1.5.RELEASE
[DEBUG] r2dbc-spi.version: 1.0.0.RELEASE
[DEBUG] rabbit-amqp-client.version: 5.21.0
[DEBUG] rabbit-stream-client.version: 0.15.0
[DEBUG] reactive-streams.version: 1.0.4
[DEBUG] reactor-bom.version: 2023.0.12
[DEBUG] resource.delimiter: @
[DEBUG] rest-assured.version: 5.4.0
[DEBUG] rsocket.version: 1.1.3
[DEBUG] rxjava3.version: 3.1.9
[DEBUG] saaj-impl.version: 3.0.4
[DEBUG] selenium-htmlunit.version: 4.13.0
[DEBUG] selenium.version: 4.19.1
[DEBUG] sendgrid.version: 4.10.3
[DEBUG] slf4j.version: 2.0.16
[DEBUG] snakeyaml.version: 2.2
[DEBUG] spring-amqp.version: 3.1.8
[DEBUG] spring-authorization-server.version: 1.3.3
[DEBUG] spring-batch.version: 5.1.2
[DEBUG] spring-boot.run.main-class: ${start-class}
[DEBUG] spring-cloud.version: 2023.0.3
[DEBUG] spring-data-bom.version: 2024.0.6
[DEBUG] spring-framework.version: 6.1.15
[DEBUG] spring-graphql.version: 1.3.3
[DEBUG] spring-hateoas.version: 2.3.3
[DEBUG] spring-integration.version: 6.3.6
[DEBUG] spring-kafka.version: 3.2.5
[DEBUG] spring-ldap.version: 3.2.8
[DEBUG] spring-pulsar.version: 1.1.6
[DEBUG] spring-restdocs.version: 3.0.3
[DEBUG] spring-retry.version: 2.0.10
[DEBUG] spring-security.version: 6.3.5
[DEBUG] spring-session.version: 3.3.3
[DEBUG] spring-ws.version: 4.0.11
[DEBUG] sqlite-jdbc.version: 3.45.3.0
[DEBUG] stderr.encoding: cp437
[DEBUG] stdin.encoding: cp437
[DEBUG] stdout.encoding: cp437
[DEBUG] sun.arch.data.model: 64
[DEBUG] sun.boot.library.path: C:\Program Files\Eclipse Adoptium\jdk-25.0.1.8-hotspot\bin
[DEBUG] sun.cpu.endian: little
[DEBUG] sun.cpu.isalist: amd64
[DEBUG] sun.io.unicode.encoding: UnicodeLittle
[DEBUG] sun.java.command: org.codehaus.plexus.classworlds.launcher.Launcher -X test -l build_debug.log
[DEBUG] sun.java.launcher: SUN_STANDARD
[DEBUG] sun.jnu.encoding: Cp1252
[DEBUG] sun.management.compiler: HotSpot 64-Bit Tiered Compilers
[DEBUG] sun.os.patch.level: 
[DEBUG] testcontainers.version: 1.19.8
[DEBUG] thymeleaf-extras-data-attribute.version: 2.0.1
[DEBUG] thymeleaf-extras-springsecurity.version: 3.1.2.RELEASE
[DEBUG] thymeleaf-layout-dialect.version: 3.3.0
[DEBUG] thymeleaf.version: 3.1.2.RELEASE
[DEBUG] tomcat.version: 10.1.33
[DEBUG] unboundid-ldapsdk.version: 6.0.11
[DEBUG] undertow.version: 2.3.17.Final
[DEBUG] user.country: IN
[DEBUG] user.dir: C:\Users\pchikkag\Documents\workspace-spring-tools-for-eclipse-5.0.1.RELEASE\SkyRoute\UserService\UserService
[DEBUG] user.home: C:\Users\pchikkag
[DEBUG] user.language: en
[DEBUG] user.name: pchikkag
[DEBUG] user.script: 
[DEBUG] user.variant: 
[DEBUG] versions-maven-plugin.version: 2.16.2
[DEBUG] webjars-locator-core.version: 0.58
[DEBUG] wsdl4j.version: 1.6.3
[DEBUG] xml-maven-plugin.version: 1.1.0
[DEBUG] xmlunit2.version: 2.9.1
[DEBUG] yasson.version: 3.0.4
[DEBUG] zipkin-reporter.version: 3.4.2
[DEBUG] Using 'UTF-8' encoding to copy filtered resources.
[DEBUG] Using 'UTF-8' encoding to copy filtered properties files.
[DEBUG] resource with targetPath null
directory C:\Users\pchikkag\Documents\workspace-spring-tools-for-eclipse-5.0.1.RELEASE\SkyRoute\UserService\UserService\src\test\resources
excludes []
includes []
[DEBUG] ignoreDelta true
[INFO] Copying 0 resource from src\test\resources to target\test-classes
[DEBUG] no user filter components
[INFO] 
[INFO] --- compiler:3.13.0:testCompile (default-testCompile) @ UserService ---
[DEBUG] Loading mojo org.apache.maven.plugins:maven-compiler-plugin:3.13.0:testCompile from plugin realm ClassRealm[plugin>org.apache.maven.plugins:maven-compiler-plugin:3.13.0, parent: jdk.internal.loader.ClassLoaders$AppClassLoader@1affbebc]
[DEBUG] Configuring mojo execution 'org.apache.maven.plugins:maven-compiler-plugin:3.13.0:testCompile:default-testCompile' with basic configurator -->
[DEBUG]   (f) annotationProcessorPathsUseDepMgmt = false
[DEBUG]   (f) basedir = C:\Users\pchikkag\Documents\workspace-spring-tools-for-eclipse-5.0.1.RELEASE\SkyRoute\UserService\UserService
[DEBUG]   (f) buildDirectory = C:\Users\pchikkag\Documents\workspace-spring-tools-for-eclipse-5.0.1.RELEASE\SkyRoute\UserService\UserService\target
[DEBUG]   (f) compileSourceRoots = [C:\Users\pchikkag\Documents\workspace-spring-tools-for-eclipse-5.0.1.RELEASE\SkyRoute\UserService\UserService\src\test\java]
[DEBUG]   (f) compilerId = javac
[DEBUG]   (f) createMissingPackageInfoClass = true
[DEBUG]   (f) debug = true
[DEBUG]   (f) debugFileName = javac-test
[DEBUG]   (f) enablePreview = false
[DEBUG]   (f) encoding = UTF-8
[DEBUG]   (f) failOnError = true
[DEBUG]   (f) failOnWarning = false
[DEBUG]   (f) fileExtensions = [jar, class]
[DEBUG]   (f) forceJavacCompilerUse = false
[DEBUG]   (f) forceLegacyJavacApi = false
[DEBUG]   (f) fork = false
[DEBUG]   (f) generatedTestSourcesDirectory = C:\Users\pchikkag\Documents\workspace-spring-tools-for-eclipse-5.0.1.RELEASE\SkyRoute\UserService\UserService\target\generated-test-sources\test-annotations
[DEBUG]   (f) mojoExecution = org.apache.maven.plugins:maven-compiler-plugin:3.13.0:testCompile {execution: default-testCompile}
[DEBUG]   (f) optimize = false
[DEBUG]   (f) outputDirectory = C:\Users\pchikkag\Documents\workspace-spring-tools-for-eclipse-5.0.1.RELEASE\SkyRoute\UserService\UserService\target\test-classes
[DEBUG]   (f) parameters = true
[DEBUG]   (f) project = MavenProject: com.SkyRoute:UserService:0.0.1-SNAPSHOT @ C:\Users\pchikkag\Documents\workspace-spring-tools-for-eclipse-5.0.1.RELEASE\SkyRoute\UserService\UserService\pom.xml
[DEBUG]   (s) release = 21
[DEBUG]   (f) session = org.apache.maven.execution.MavenSession@a5bbaec
[DEBUG]   (f) showCompilationChanges = false
[DEBUG]   (f) showDeprecation = false
[DEBUG]   (f) showWarnings = true
[DEBUG]   (f) skipMultiThreadWarning = false
[DEBUG]   (f) source = 1.8
[DEBUG]   (f) staleMillis = 0
[DEBUG]   (s) target = 1.8
[DEBUG]   (f) testPath = [C:\Users\pchikkag\Documents\workspace-spring-tools-for-eclipse-5.0.1.RELEASE\SkyRoute\UserService\UserService\target\test-classes, C:\Users\pchikkag\Documents\workspace-spring-tools-for-eclipse-5.0.1.RELEASE\SkyRoute\UserService\UserService\target\classes, C:\Users\pchikkag\.m2\repository\org\springframework\boot\spring-boot-starter-data-jpa\3.3.6\spring-boot-starter-data-jpa-3.3.6.jar, C:\Users\pchikkag\.m2\repository\org\springframework\boot\spring-boot-starter-aop\3.3.6\spring-boot-starter-aop-3.3.6.jar, C:\Users\pchikkag\.m2\repository\org\aspectj\aspectjweaver\1.9.22.1\aspectjweaver-1.9.22.1.jar, C:\Users\pchikkag\.m2\repository\org\springframework\boot\spring-boot-starter-jdbc\3.3.6\spring-boot-starter-jdbc-3.3.6.jar, C:\Users\pchikkag\.m2\repository\com\zaxxer\HikariCP\5.1.0\HikariCP-5.1.0.jar, C:\Users\pchikkag\.m2\repository\org\springframework\spring-jdbc\6.1.15\spring-jdbc-6.1.15.jar, C:\Users\pchikkag\.m2\repository\org\hibernate\orm\hibernate-core\6.5.3.Final\hibernate-core-6.5.3.Final.jar, C:\Users\pchikkag\.m2\repository\jakarta\persistence\jakarta.persistence-api\3.1.0\jakarta.persistence-api-3.1.0.jar, C:\Users\pchikkag\.m2\repository\jakarta\transaction\jakarta.transaction-api\2.0.1\jakarta.transaction-api-2.0.1.jar, C:\Users\pchikkag\.m2\repository\org\jboss\logging\jboss-logging\3.5.3.Final\jboss-logging-3.5.3.Final.jar, C:\Users\pchikkag\.m2\repository\org\hibernate\common\hibernate-commons-annotations\6.0.6.Final\hibernate-commons-annotations-6.0.6.Final.jar, C:\Users\pchikkag\.m2\repository\io\smallrye\jandex\3.1.2\jandex-3.1.2.jar, C:\Users\pchikkag\.m2\repository\com\fasterxml\classmate\1.7.0\classmate-1.7.0.jar, C:\Users\pchikkag\.m2\repository\net\bytebuddy\byte-buddy\1.14.19\byte-buddy-1.14.19.jar, C:\Users\pchikkag\.m2\repository\org\glassfish\jaxb\jaxb-runtime\4.0.5\jaxb-runtime-4.0.5.jar, C:\Users\pchikkag\.m2\repository\org\glassfish\jaxb\jaxb-core\4.0.5\jaxb-core-4.0.5.jar, C:\Users\pchikkag\.m2\repository\org\eclipse\angus\angus-activation\2.0.2\angus-activation-2.0.2.jar, C:\Users\pchikkag\.m2\repository\org\glassfish\jaxb\txw2\4.0.5\txw2-4.0.5.jar, C:\Users\pchikkag\.m2\repository\com\sun\istack\istack-commons-runtime\4.1.2\istack-commons-runtime-4.1.2.jar, C:\Users\pchikkag\.m2\repository\jakarta\inject\jakarta.inject-api\2.0.1\jakarta.inject-api-2.0.1.jar, C:\Users\pchikkag\.m2\repository\org\antlr\antlr4-runtime\4.13.0\antlr4-runtime-4.13.0.jar, C:\Users\pchikkag\.m2\repository\org\springframework\data\spring-data-jpa\3.3.6\spring-data-jpa-3.3.6.jar, C:\Users\pchikkag\.m2\repository\org\springframework\data\spring-data-commons\3.3.6\spring-data-commons-3.3.6.jar, C:\Users\pchikkag\.m2\repository\org\springframework\spring-orm\6.1.15\spring-orm-6.1.15.jar, C:\Users\pchikkag\.m2\repository\org\springframework\spring-context\6.1.15\spring-context-6.1.15.jar, C:\Users\pchikkag\.m2\repository\org\springframework\spring-tx\6.1.15\spring-tx-6.1.15.jar, C:\Users\pchikkag\.m2\repository\org\springframework\spring-beans\6.1.15\spring-beans-6.1.15.jar, C:\Users\pchikkag\.m2\repository\jakarta\annotation\jakarta.annotation-api\2.1.1\jakarta.annotation-api-2.1.1.jar, C:\Users\pchikkag\.m2\repository\org\slf4j\slf4j-api\2.0.16\slf4j-api-2.0.16.jar, C:\Users\pchikkag\.m2\repository\org\springframework\spring-aspects\6.1.15\spring-aspects-6.1.15.jar, C:\Users\pchikkag\.m2\repository\org\springframework\boot\spring-boot-starter-security\3.3.6\spring-boot-starter-security-3.3.6.jar, C:\Users\pchikkag\.m2\repository\org\springframework\boot\spring-boot-starter\3.3.6\spring-boot-starter-3.3.6.jar, C:\Users\pchikkag\.m2\repository\org\springframework\boot\spring-boot-starter-logging\3.3.6\spring-boot-starter-logging-3.3.6.jar, C:\Users\pchikkag\.m2\repository\ch\qos\logback\logback-classic\1.5.12\logback-classic-1.5.12.jar, C:\Users\pchikkag\.m2\repository\ch\qos\logback\logback-core\1.5.12\logback-core-1.5.12.jar, C:\Users\pchikkag\.m2\repository\org\apache\logging\log4j\log4j-to-slf4j\2.23.1\log4j-to-slf4j-2.23.1.jar, C:\Users\pchikkag\.m2\repository\org\apache\logging\log4j\log4j-api\2.23.1\log4j-api-2.23.1.jar, C:\Users\pchikkag\.m2\repository\org\slf4j\jul-to-slf4j\2.0.16\jul-to-slf4j-2.0.16.jar, C:\Users\pchikkag\.m2\repository\org\yaml\snakeyaml\2.2\snakeyaml-2.2.jar, C:\Users\pchikkag\.m2\repository\org\springframework\spring-aop\6.1.15\spring-aop-6.1.15.jar, C:\Users\pchikkag\.m2\repository\org\springframework\security\spring-security-config\6.3.5\spring-security-config-6.3.5.jar, C:\Users\pchikkag\.m2\repository\org\springframework\security\spring-security-web\6.3.5\spring-security-web-6.3.5.jar, C:\Users\pchikkag\.m2\repository\org\springframework\spring-expression\6.1.15\spring-expression-6.1.15.jar, C:\Users\pchikkag\.m2\repository\org\springframework\boot\spring-boot-starter-validation\3.3.6\spring-boot-starter-validation-3.3.6.jar, C:\Users\pchikkag\.m2\repository\org\apache\tomcat\embed\tomcat-embed-el\10.1.33\tomcat-embed-el-10.1.33.jar, C:\Users\pchikkag\.m2\repository\org\hibernate\validator\hibernate-validator\8.0.1.Final\hibernate-validator-8.0.1.Final.jar, C:\Users\pchikkag\.m2\repository\jakarta\validation\jakarta.validation-api\3.0.2\jakarta.validation-api-3.0.2.jar, C:\Users\pchikkag\.m2\repository\org\springframework\boot\spring-boot-starter-web\3.3.6\spring-boot-starter-web-3.3.6.jar, C:\Users\pchikkag\.m2\repository\org\springframework\boot\spring-boot-starter-json\3.3.6\spring-boot-starter-json-3.3.6.jar, C:\Users\pchikkag\.m2\repository\com\fasterxml\jackson\datatype\jackson-datatype-jdk8\2.17.3\jackson-datatype-jdk8-2.17.3.jar, C:\Users\pchikkag\.m2\repository\com\fasterxml\jackson\datatype\jackson-datatype-jsr310\2.17.3\jackson-datatype-jsr310-2.17.3.jar, C:\Users\pchikkag\.m2\repository\com\fasterxml\jackson\module\jackson-module-parameter-names\2.17.3\jackson-module-parameter-names-2.17.3.jar, C:\Users\pchikkag\.m2\repository\org\springframework\boot\spring-boot-starter-tomcat\3.3.6\spring-boot-starter-tomcat-3.3.6.jar, C:\Users\pchikkag\.m2\repository\org\apache\tomcat\embed\tomcat-embed-core\10.1.33\tomcat-embed-core-10.1.33.jar, C:\Users\pchikkag\.m2\repository\org\apache\tomcat\embed\tomcat-embed-websocket\10.1.33\tomcat-embed-websocket-10.1.33.jar, C:\Users\pchikkag\.m2\repository\org\springframework\spring-web\6.1.15\spring-web-6.1.15.jar, C:\Users\pchikkag\.m2\repository\io\micrometer\micrometer-observation\1.13.8\micrometer-observation-1.13.8.jar, C:\Users\pchikkag\.m2\repository\io\micrometer\micrometer-commons\1.13.8\micrometer-commons-1.13.8.jar, C:\Users\pchikkag\.m2\repository\org\springframework\spring-webmvc\6.1.15\spring-webmvc-6.1.15.jar, C:\Users\pchikkag\.m2\repository\org\springframework\cloud\spring-cloud-starter-netflix-eureka-client\4.1.3\spring-cloud-starter-netflix-eureka-client-4.1.3.jar, C:\Users\pchikkag\.m2\repository\org\springframework\cloud\spring-cloud-starter\4.1.4\spring-cloud-starter-4.1.4.jar, C:\Users\pchikkag\.m2\repository\org\springframework\cloud\spring-cloud-context\4.1.4\spring-cloud-context-4.1.4.jar, C:\Users\pchikkag\.m2\repository\org\springframework\cloud\spring-cloud-commons\4.1.4\spring-cloud-commons-4.1.4.jar, C:\Users\pchikkag\.m2\repository\org\springframework\security\spring-security-rsa\1.1.3\spring-security-rsa-1.1.3.jar, C:\Users\pchikkag\.m2\repository\org\bouncycastle\bcprov-jdk18on\1.78\bcprov-jdk18on-1.78.jar, C:\Users\pchikkag\.m2\repository\org\springframework\cloud\spring-cloud-netflix-eureka-client\4.1.3\spring-cloud-netflix-eureka-client-4.1.3.jar, C:\Users\pchikkag\.m2\repository\org\apache\httpcomponents\client5\httpclient5\5.3.1\httpclient5-5.3.1.jar, C:\Users\pchikkag\.m2\repository\org\apache\httpcomponents\core5\httpcore5\5.2.5\httpcore5-5.2.5.jar, C:\Users\pchikkag\.m2\repository\org\apache\httpcomponents\core5\httpcore5-h2\5.2.5\httpcore5-h2-5.2.5.jar, C:\Users\pchikkag\.m2\repository\com\netflix\eureka\eureka-client\2.0.3\eureka-client-2.0.3.jar, C:\Users\pchikkag\.m2\repository\com\thoughtworks\xstream\xstream\1.4.20\xstream-1.4.20.jar, C:\Users\pchikkag\.m2\repository\io\github\x-stream\mxparser\1.2.2\mxparser-1.2.2.jar, C:\Users\pchikkag\.m2\repository\xmlpull\xmlpull\1.1.3.1\xmlpull-1.1.3.1.jar, C:\Users\pchikkag\.m2\repository\jakarta\ws\rs\jakarta.ws.rs-api\3.1.0\jakarta.ws.rs-api-3.1.0.jar, C:\Users\pchikkag\.m2\repository\com\netflix\spectator\spectator-api\1.7.3\spectator-api-1.7.3.jar, C:\Users\pchikkag\.m2\repository\org\apache\httpcomponents\httpclient\4.5.3\httpclient-4.5.3.jar, C:\Users\pchikkag\.m2\repository\org\apache\httpcomponents\httpcore\4.4.16\httpcore-4.4.16.jar, C:\Users\pchikkag\.m2\repository\commons-codec\commons-codec\1.16.1\commons-codec-1.16.1.jar, C:\Users\pchikkag\.m2\repository\commons-configuration\commons-configuration\1.10\commons-configuration-1.10.jar, C:\Users\pchikkag\.m2\repository\commons-lang\commons-lang\2.6\commons-lang-2.6.jar, C:\Users\pchikkag\.m2\repository\com\fasterxml\jackson\core\jackson-annotations\2.17.3\jackson-annotations-2.17.3.jar, C:\Users\pchikkag\.m2\repository\com\fasterxml\jackson\core\jackson-core\2.17.3\jackson-core-2.17.3.jar, C:\Users\pchikkag\.m2\repository\com\netflix\netflix-commons\netflix-eventbus\0.3.0\netflix-eventbus-0.3.0.jar, C:\Users\pchikkag\.m2\repository\com\netflix\netflix-commons\netflix-infix\0.3.0\netflix-infix-0.3.0.jar, C:\Users\pchikkag\.m2\repository\commons-jxpath\commons-jxpath\1.3\commons-jxpath-1.3.jar, C:\Users\pchikkag\.m2\repository\joda-time\joda-time\2.3\joda-time-2.3.jar, C:\Users\pchikkag\.m2\repository\org\antlr\antlr-runtime\3.4\antlr-runtime-3.4.jar, C:\Users\pchikkag\.m2\repository\org\antlr\stringtemplate\3.2.1\stringtemplate-3.2.1.jar, C:\Users\pchikkag\.m2\repository\antlr\antlr\2.7.7\antlr-2.7.7.jar, C:\Users\pchikkag\.m2\repository\com\google\code\gson\gson\2.10.1\gson-2.10.1.jar, C:\Users\pchikkag\.m2\repository\com\netflix\servo\servo-core\0.5.3\servo-core-0.5.3.jar, C:\Users\pchikkag\.m2\repository\org\apache\commons\commons-math\2.2\commons-math-2.2.jar, C:\Users\pchikkag\.m2\repository\javax\annotation\javax.annotation-api\1.2\javax.annotation-api-1.2.jar, C:\Users\pchikkag\.m2\repository\org\codehaus\jettison\jettison\1.5.4\jettison-1.5.4.jar, C:\Users\pchikkag\.m2\repository\com\netflix\eureka\eureka-core\2.0.3\eureka-core-2.0.3.jar, C:\Users\pchikkag\.m2\repository\com\fasterxml\woodstox\woodstox-core\6.2.1\woodstox-core-6.2.1.jar, C:\Users\pchikkag\.m2\repository\org\codehaus\woodstox\stax2-api\4.2.1\stax2-api-4.2.1.jar, C:\Users\pchikkag\.m2\repository\com\google\guava\guava\33.0.0-jre\guava-33.0.0-jre.jar, C:\Users\pchikkag\.m2\repository\com\google\guava\failureaccess\1.0.2\failureaccess-1.0.2.jar, C:\Users\pchikkag\.m2\repository\com\google\guava\listenablefuture\9999.0-empty-to-avoid-conflict-with-guava\listenablefuture-9999.0-empty-to-avoid-conflict-with-guava.jar, C:\Users\pchikkag\.m2\repository\org\checkerframework\checker-qual\3.41.0\checker-qual-3.41.0.jar, C:\Users\pchikkag\.m2\repository\com\google\errorprone\error_prone_annotations\2.23.0\error_prone_annotations-2.23.0.jar, C:\Users\pchikkag\.m2\repository\com\google\j2objc\j2objc-annotations\2.8\j2objc-annotations-2.8.jar, C:\Users\pchikkag\.m2\repository\org\springframework\cloud\spring-cloud-starter-loadbalancer\4.1.4\spring-cloud-starter-loadbalancer-4.1.4.jar, C:\Users\pchikkag\.m2\repository\org\springframework\cloud\spring-cloud-loadbalancer\4.1.4\spring-cloud-loadbalancer-4.1.4.jar, C:\Users\pchikkag\.m2\repository\io\projectreactor\reactor-core\3.6.12\reactor-core-3.6.12.jar, C:\Users\pchikkag\.m2\repository\org\reactivestreams\reactive-streams\1.0.4\reactive-streams-1.0.4.jar, C:\Users\pchikkag\.m2\repository\io\projectreactor\addons\reactor-extra\3.5.2\reactor-extra-3.5.2.jar, C:\Users\pchikkag\.m2\repository\org\springframework\boot\spring-boot-starter-cache\3.3.6\spring-boot-starter-cache-3.3.6.jar, C:\Users\pchikkag\.m2\repository\org\springframework\spring-context-support\6.1.15\spring-context-support-6.1.15.jar, C:\Users\pchikkag\.m2\repository\com\stoyanr\evictor\1.0.0\evictor-1.0.0.jar, C:\Users\pchikkag\.m2\repository\org\springframework\boot\spring-boot-devtools\3.3.6\spring-boot-devtools-3.3.6.jar, C:\Users\pchikkag\.m2\repository\org\springframework\boot\spring-boot\3.3.6\spring-boot-3.3.6.jar, C:\Users\pchikkag\.m2\repository\org\springframework\boot\spring-boot-autoconfigure\3.3.6\spring-boot-autoconfigure-3.3.6.jar, C:\Users\pchikkag\.m2\repository\com\mysql\mysql-connector-j\8.3.0\mysql-connector-j-8.3.0.jar, C:\Users\pchikkag\.m2\repository\org\projectlombok\lombok\1.18.36\lombok-1.18.36.jar, C:\Users\pchikkag\.m2\repository\io\jsonwebtoken\jjwt-api\0.11.5\jjwt-api-0.11.5.jar, C:\Users\pchikkag\.m2\repository\io\jsonwebtoken\jjwt-impl\0.11.5\jjwt-impl-0.11.5.jar, C:\Users\pchikkag\.m2\repository\io\jsonwebtoken\jjwt-jackson\0.11.5\jjwt-jackson-0.11.5.jar, C:\Users\pchikkag\.m2\repository\com\fasterxml\jackson\core\jackson-databind\2.17.3\jackson-databind-2.17.3.jar, C:\Users\pchikkag\.m2\repository\org\springframework\boot\spring-boot-starter-test\3.3.6\spring-boot-starter-test-3.3.6.jar, C:\Users\pchikkag\.m2\repository\org\springframework\boot\spring-boot-test\3.3.6\spring-boot-test-3.3.6.jar, C:\Users\pchikkag\.m2\repository\org\springframework\boot\spring-boot-test-autoconfigure\3.3.6\spring-boot-test-autoconfigure-3.3.6.jar, C:\Users\pchikkag\.m2\repository\com\jayway\jsonpath\json-path\2.9.0\json-path-2.9.0.jar, C:\Users\pchikkag\.m2\repository\jakarta\xml\bind\jakarta.xml.bind-api\4.0.2\jakarta.xml.bind-api-4.0.2.jar, C:\Users\pchikkag\.m2\repository\jakarta\activation\jakarta.activation-api\2.1.3\jakarta.activation-api-2.1.3.jar, C:\Users\pchikkag\.m2\repository\net\minidev\json-smart\2.5.1\json-smart-2.5.1.jar, C:\Users\pchikkag\.m2\repository\net\minidev\accessors-smart\2.5.1\accessors-smart-2.5.1.jar, C:\Users\pchikkag\.m2\repository\org\ow2\asm\asm\9.6\asm-9.6.jar, C:\Users\pchikkag\.m2\repository\org\assertj\assertj-core\3.25.3\assertj-core-3.25.3.jar, C:\Users\pchikkag\.m2\repository\org\awaitility\awaitility\4.2.2\awaitility-4.2.2.jar, C:\Users\pchikkag\.m2\repository\org\hamcrest\hamcrest\2.2\hamcrest-2.2.jar, C:\Users\pchikkag\.m2\repository\org\junit\jupiter\junit-jupiter\5.10.5\junit-jupiter-5.10.5.jar, C:\Users\pchikkag\.m2\repository\org\junit\jupiter\junit-jupiter-api\5.10.5\junit-jupiter-api-5.10.5.jar, C:\Users\pchikkag\.m2\repository\org\opentest4j\opentest4j\1.3.0\opentest4j-1.3.0.jar, C:\Users\pchikkag\.m2\repository\org\junit\platform\junit-platform-commons\1.10.5\junit-platform-commons-1.10.5.jar, C:\Users\pchikkag\.m2\repository\org\apiguardian\apiguardian-api\1.1.2\apiguardian-api-1.1.2.jar, C:\Users\pchikkag\.m2\repository\org\junit\jupiter\junit-jupiter-params\5.10.5\junit-jupiter-params-5.10.5.jar, C:\Users\pchikkag\.m2\repository\org\junit\jupiter\junit-jupiter-engine\5.10.5\junit-jupiter-engine-5.10.5.jar, C:\Users\pchikkag\.m2\repository\org\junit\platform\junit-platform-engine\1.10.5\junit-platform-engine-1.10.5.jar, C:\Users\pchikkag\.m2\repository\org\mockito\mockito-core\5.11.0\mockito-core-5.11.0.jar, C:\Users\pchikkag\.m2\repository\net\bytebuddy\byte-buddy-agent\1.14.19\byte-buddy-agent-1.14.19.jar, C:\Users\pchikkag\.m2\repository\org\objenesis\objenesis\3.3\objenesis-3.3.jar, C:\Users\pchikkag\.m2\repository\org\mockito\mockito-junit-jupiter\5.11.0\mockito-junit-jupiter-5.11.0.jar, C:\Users\pchikkag\.m2\repository\org\skyscreamer\jsonassert\1.5.3\jsonassert-1.5.3.jar, C:\Users\pchikkag\.m2\repository\com\vaadin\external\google\android-json\0.0.20131108.vaadin1\android-json-0.0.20131108.vaadin1.jar, C:\Users\pchikkag\.m2\repository\org\springframework\spring-core\6.1.15\spring-core-6.1.15.jar, C:\Users\pchikkag\.m2\repository\org\springframework\spring-jcl\6.1.15\spring-jcl-6.1.15.jar, C:\Users\pchikkag\.m2\repository\org\springframework\spring-test\6.1.15\spring-test-6.1.15.jar, C:\Users\pchikkag\.m2\repository\org\xmlunit\xmlunit-core\2.9.1\xmlunit-core-2.9.1.jar, C:\Users\pchikkag\.m2\repository\org\springframework\security\spring-security-test\6.3.5\spring-security-test-6.3.5.jar, C:\Users\pchikkag\.m2\repository\org\springframework\security\spring-security-core\6.3.5\spring-security-core-6.3.5.jar, C:\Users\pchikkag\.m2\repository\org\springframework\security\spring-security-crypto\6.3.5\spring-security-crypto-6.3.5.jar]
[DEBUG]   (f) useIncrementalCompilation = true
[DEBUG]   (f) useModulePath = true
[DEBUG]   (f) verbose = false
[DEBUG] -- end configuration --
[DEBUG] Using compiler 'javac'.
[DEBUG] Adding C:\Users\pchikkag\Documents\workspace-spring-tools-for-eclipse-5.0.1.RELEASE\SkyRoute\UserService\UserService\target\generated-test-sources\test-annotations to test-compile source roots:
  C:\Users\pchikkag\Documents\workspace-spring-tools-for-eclipse-5.0.1.RELEASE\SkyRoute\UserService\UserService\src\test\java
[DEBUG] New test-compile source roots:
  C:\Users\pchikkag\Documents\workspace-spring-tools-for-eclipse-5.0.1.RELEASE\SkyRoute\UserService\UserService\src\test\java
  C:\Users\pchikkag\Documents\workspace-spring-tools-for-eclipse-5.0.1.RELEASE\SkyRoute\UserService\UserService\target\generated-test-sources\test-annotations
[DEBUG] CompilerReuseStrategy: reuseCreated
[DEBUG] useIncrementalCompilation enabled
[INFO] Nothing to compile - all classes are up to date.
[INFO] 
[INFO] --- surefire:3.2.5:test (default-test) @ UserService ---
[DEBUG] Using mirror maven-default-http-blocker (http://0.0.0.0/) for jboss-public-repository-group (http://repository.jboss.org/nexus/content/groups/public).
[DEBUG] Dependency collection stats {ConflictMarker.analyzeTime=225800, ConflictMarker.markTime=103200, ConflictMarker.nodeCount=78, ConflictIdSorter.graphTime=119600, ConflictIdSorter.topsortTime=63000, ConflictIdSorter.conflictIdCount=39, ConflictIdSorter.conflictIdCycleCount=0, ConflictResolver.totalTime=2298500, ConflictResolver.conflictItemCount=76, DfDependencyCollector.collectTime=187801700, DfDependencyCollector.transformTime=2861600}
[DEBUG] org.apache.maven.plugins:maven-surefire-plugin:jar:3.2.5
[DEBUG]    org.apache.maven.surefire:maven-surefire-common:jar:3.2.5:compile
[DEBUG]       org.apache.maven.surefire:surefire-api:jar:3.2.5:compile
[DEBUG]          org.apache.maven.surefire:surefire-logger-api:jar:3.2.5:compile
[DEBUG]       org.apache.maven.surefire:surefire-extensions-api:jar:3.2.5:compile
[DEBUG]       org.apache.maven.surefire:surefire-booter:jar:3.2.5:compile
[DEBUG]          org.apache.maven.surefire:surefire-extensions-spi:jar:3.2.5:compile
[DEBUG]       org.eclipse.aether:aether-util:jar:1.0.0.v20140518:compile
[DEBUG]          org.eclipse.aether:aether-api:jar:1.0.0.v20140518:compile
[DEBUG]       org.apache.maven.shared:maven-common-artifact-filters:jar:3.1.1:compile (version managed from default) (exclusions managed from default)
[DEBUG]          org.apache.maven:maven-artifact:jar:3.2.5:provided (scope managed from default) (version managed from default)
[DEBUG]             org.codehaus.plexus:plexus-utils:jar:4.0.0:provided (version managed from default)
[DEBUG]          org.apache.maven:maven-core:jar:3.2.5:provided (scope managed from default) (version managed from default)
[DEBUG]             org.apache.maven:maven-settings:jar:3.2.5:provided (version managed from default)
[DEBUG]             org.apache.maven:maven-settings-builder:jar:3.2.5:provided
[DEBUG]             org.apache.maven:maven-repository-metadata:jar:3.2.5:provided
[DEBUG]             org.apache.maven:maven-model-builder:jar:3.2.5:provided
[DEBUG]             org.apache.maven:maven-aether-provider:jar:3.2.5:provided
[DEBUG]                org.eclipse.aether:aether-spi:jar:1.0.0.v20140518:provided
[DEBUG]             org.eclipse.aether:aether-impl:jar:1.0.0.v20140518:provided
[DEBUG]             org.eclipse.sisu:org.eclipse.sisu.plexus:jar:0.9.0.M2:provided (version managed from default)
[DEBUG]                javax.annotation:javax.annotation-api:jar:1.2:provided
[DEBUG]                javax.enterprise:cdi-api:jar:1.2:provided
[DEBUG]                org.eclipse.sisu:org.eclipse.sisu.inject:jar:0.9.0.M2:provided (version managed from default)
[DEBUG]             org.sonatype.sisu:sisu-guice:jar:no_aop:3.2.3:provided
[DEBUG]                javax.inject:javax.inject:jar:1:provided
[DEBUG]                aopalliance:aopalliance:jar:1.0:provided
[DEBUG]                com.google.guava:guava:jar:16.0.1:provided
[DEBUG]             org.codehaus.plexus:plexus-interpolation:jar:1.21:provided
[DEBUG]             org.codehaus.plexus:plexus-classworlds:jar:2.5.2:provided
[DEBUG]             org.codehaus.plexus:plexus-component-annotations:jar:1.5.5:provided
[DEBUG]             org.sonatype.plexus:plexus-sec-dispatcher:jar:1.3:provided
[DEBUG]                org.sonatype.plexus:plexus-cipher:jar:1.4:provided
[DEBUG]          org.apache.maven:maven-plugin-api:jar:3.2.5:provided (scope managed from default) (version managed from default)
[DEBUG]          commons-io:commons-io:jar:2.15.1:compile (version managed from default)
[DEBUG]       org.codehaus.plexus:plexus-java:jar:1.2.0:compile (version managed from default)
[DEBUG]          org.ow2.asm:asm:jar:9.6:compile
[DEBUG]          com.thoughtworks.qdox:qdox:jar:2.0.3:compile
[DEBUG]       org.apache.maven.surefire:surefire-shared-utils:jar:3.2.5:compile
[DEBUG] Created new class realm plugin>org.apache.maven.plugins:maven-surefire-plugin:3.2.5
[DEBUG] Importing foreign packages into class realm plugin>org.apache.maven.plugins:maven-surefire-plugin:3.2.5
[DEBUG]   Imported:  < maven.api
[DEBUG] Populating class realm plugin>org.apache.maven.plugins:maven-surefire-plugin:3.2.5
[DEBUG]   Included: org.apache.maven.plugins:maven-surefire-plugin:jar:3.2.5
[DEBUG]   Included: org.apache.maven.surefire:maven-surefire-common:jar:3.2.5
[DEBUG]   Included: org.apache.maven.surefire:surefire-api:jar:3.2.5
[DEBUG]   Included: org.apache.maven.surefire:surefire-logger-api:jar:3.2.5
[DEBUG]   Included: org.apache.maven.surefire:surefire-extensions-api:jar:3.2.5
[DEBUG]   Included: org.apache.maven.surefire:surefire-booter:jar:3.2.5
[DEBUG]   Included: org.apache.maven.surefire:surefire-extensions-spi:jar:3.2.5
[DEBUG]   Included: org.apache.maven.shared:maven-common-artifact-filters:jar:3.1.1
[DEBUG]   Included: commons-io:commons-io:jar:2.15.1
[DEBUG]   Included: org.codehaus.plexus:plexus-java:jar:1.2.0
[DEBUG]   Included: org.ow2.asm:asm:jar:9.6
[DEBUG]   Included: com.thoughtworks.qdox:qdox:jar:2.0.3
[DEBUG]   Included: org.apache.maven.surefire:surefire-shared-utils:jar:3.2.5
[DEBUG] Loading mojo org.apache.maven.plugins:maven-surefire-plugin:3.2.5:test from plugin realm ClassRealm[plugin>org.apache.maven.plugins:maven-surefire-plugin:3.2.5, parent: jdk.internal.loader.ClassLoaders$AppClassLoader@1affbebc]
[DEBUG] Configuring mojo execution 'org.apache.maven.plugins:maven-surefire-plugin:3.2.5:test:default-test' with basic configurator -->
[DEBUG]   (f) additionalClasspathDependencies = []
[DEBUG]   (s) additionalClasspathElements = []
[DEBUG]   (s) basedir = C:\Users\pchikkag\Documents\workspace-spring-tools-for-eclipse-5.0.1.RELEASE\SkyRoute\UserService\UserService
[DEBUG]   (s) childDelegation = false
[DEBUG]   (f) classesDirectory = C:\Users\pchikkag\Documents\workspace-spring-tools-for-eclipse-5.0.1.RELEASE\SkyRoute\UserService\UserService\target\classes
[DEBUG]   (s) classpathDependencyExcludes = []
[DEBUG]   (s) dependenciesToScan = []
[DEBUG]   (s) disableXmlReport = false
[DEBUG]   (s) enableAssertions = true
[DEBUG]   (s) encoding = UTF-8
[DEBUG]   (s) excludeJUnit5Engines = []
[DEBUG]   (f) excludedEnvironmentVariables = []
[DEBUG]   (s) excludes = []
[DEBUG]   (s) failIfNoSpecifiedTests = true
[DEBUG]   (s) failIfNoTests = false
[DEBUG]   (s) failOnFlakeCount = 0
[DEBUG]   (f) forkCount = 1
[DEBUG]   (s) forkedProcessExitTimeoutInSeconds = 30
[DEBUG]   (s) includeJUnit5Engines = []
[DEBUG]   (s) includes = []
[DEBUG]   (s) junitArtifactName = junit:junit
[DEBUG]   (f) parallelMavenExecution = false
[DEBUG]   (s) parallelOptimized = true
[DEBUG]   (s) perCoreThreadCount = true
[DEBUG]   (s) pluginArtifactMap = {org.apache.maven.plugins:maven-surefire-plugin=org.apache.maven.plugins:maven-surefire-plugin:maven-plugin:3.2.5:, org.apache.maven.surefire:maven-surefire-common=org.apache.maven.surefire:maven-surefire-common:jar:3.2.5:compile, org.apache.maven.surefire:surefire-api=org.apache.maven.surefire:surefire-api:jar:3.2.5:compile, org.apache.maven.surefire:surefire-logger-api=org.apache.maven.surefire:surefire-logger-api:jar:3.2.5:compile, org.apache.maven.surefire:surefire-extensions-api=org.apache.maven.surefire:surefire-extensions-api:jar:3.2.5:compile, org.apache.maven.surefire:surefire-booter=org.apache.maven.surefire:surefire-booter:jar:3.2.5:compile, org.apache.maven.surefire:surefire-extensions-spi=org.apache.maven.surefire:surefire-extensions-spi:jar:3.2.5:compile, org.eclipse.aether:aether-util=org.eclipse.aether:aether-util:jar:1.0.0.v20140518:compile, org.eclipse.aether:aether-api=org.eclipse.aether:aether-api:jar:1.0.0.v20140518:compile, org.apache.maven.shared:maven-common-artifact-filters=org.apache.maven.shared:maven-common-artifact-filters:jar:3.1.1:compile, commons-io:commons-io=commons-io:commons-io:jar:2.15.1:compile, org.codehaus.plexus:plexus-java=org.codehaus.plexus:plexus-java:jar:1.2.0:compile, org.ow2.asm:asm=org.ow2.asm:asm:jar:9.6:compile, com.thoughtworks.qdox:qdox=com.thoughtworks.qdox:qdox:jar:2.0.3:compile, org.apache.maven.surefire:surefire-shared-utils=org.apache.maven.surefire:surefire-shared-utils:jar:3.2.5:compile}
[DEBUG]   (f) pluginDescriptor = Component Descriptor: role: 'org.apache.maven.plugin.Mojo', implementation: 'org.apache.maven.plugins.maven_surefire_plugin.HelpMojo', role hint: 'org.apache.maven.plugins:maven-surefire-plugin:3.2.5:help'
role: 'org.apache.maven.plugin.Mojo', implementation: 'org.apache.maven.plugin.surefire.SurefirePlugin', role hint: 'org.apache.maven.plugins:maven-surefire-plugin:3.2.5:test'
---
[DEBUG]   (s) printSummary = true
[DEBUG]   (s) project = MavenProject: com.SkyRoute:UserService:0.0.1-SNAPSHOT @ C:\Users\pchikkag\Documents\workspace-spring-tools-for-eclipse-5.0.1.RELEASE\SkyRoute\UserService\UserService\pom.xml
[DEBUG]   (s) projectArtifactMap = {org.springframework.boot:spring-boot-starter-data-jpa=org.springframework.boot:spring-boot-starter-data-jpa:jar:3.3.6:compile, org.springframework.boot:spring-boot-starter-aop=org.springframework.boot:spring-boot-starter-aop:jar:3.3.6:compile, org.aspectj:aspectjweaver=org.aspectj:aspectjweaver:jar:1.9.22.1:compile, org.springframework.boot:spring-boot-starter-jdbc=org.springframework.boot:spring-boot-starter-jdbc:jar:3.3.6:compile, com.zaxxer:HikariCP=com.zaxxer:HikariCP:jar:5.1.0:compile, org.springframework:spring-jdbc=org.springframework:spring-jdbc:jar:6.1.15:compile, org.hibernate.orm:hibernate-core=org.hibernate.orm:hibernate-core:jar:6.5.3.Final:compile, jakarta.persistence:jakarta.persistence-api=jakarta.persistence:jakarta.persistence-api:jar:3.1.0:compile, jakarta.transaction:jakarta.transaction-api=jakarta.transaction:jakarta.transaction-api:jar:2.0.1:compile, org.jboss.logging:jboss-logging=org.jboss.logging:jboss-logging:jar:3.5.3.Final:compile, org.hibernate.common:hibernate-commons-annotations=org.hibernate.common:hibernate-commons-annotations:jar:6.0.6.Final:runtime, io.smallrye:jandex=io.smallrye:jandex:jar:3.1.2:runtime, com.fasterxml:classmate=com.fasterxml:classmate:jar:1.7.0:compile, net.bytebuddy:byte-buddy=net.bytebuddy:byte-buddy:jar:1.14.19:runtime, org.glassfish.jaxb:jaxb-runtime=org.glassfish.jaxb:jaxb-runtime:jar:4.0.5:runtime, org.glassfish.jaxb:jaxb-core=org.glassfish.jaxb:jaxb-core:jar:4.0.5:runtime, org.eclipse.angus:angus-activation=org.eclipse.angus:angus-activation:jar:2.0.2:runtime, org.glassfish.jaxb:txw2=org.glassfish.jaxb:txw2:jar:4.0.5:runtime, com.sun.istack:istack-commons-runtime=com.sun.istack:istack-commons-runtime:jar:4.1.2:runtime, jakarta.inject:jakarta.inject-api=jakarta.inject:jakarta.inject-api:jar:2.0.1:compile, org.antlr:antlr4-runtime=org.antlr:antlr4-runtime:jar:4.13.0:compile, org.springframework.data:spring-data-jpa=org.springframework.data:spring-data-jpa:jar:3.3.6:compile, org.springframework.data:spring-data-commons=org.springframework.data:spring-data-commons:jar:3.3.6:compile, org.springframework:spring-orm=org.springframework:spring-orm:jar:6.1.15:compile, org.springframework:spring-context=org.springframework:spring-context:jar:6.1.15:compile, org.springframework:spring-tx=org.springframework:spring-tx:jar:6.1.15:compile, org.springframework:spring-beans=org.springframework:spring-beans:jar:6.1.15:compile, jakarta.annotation:jakarta.annotation-api=jakarta.annotation:jakarta.annotation-api:jar:2.1.1:compile, org.slf4j:slf4j-api=org.slf4j:slf4j-api:jar:2.0.16:compile, org.springframework:spring-aspects=org.springframework:spring-aspects:jar:6.1.15:compile, org.springframework.boot:spring-boot-starter-security=org.springframework.boot:spring-boot-starter-security:jar:3.3.6:compile, org.springframework.boot:spring-boot-starter=org.springframework.boot:spring-boot-starter:jar:3.3.6:compile, org.springframework.boot:spring-boot-starter-logging=org.springframework.boot:spring-boot-starter-logging:jar:3.3.6:compile, ch.qos.logback:logback-classic=ch.qos.logback:logback-classic:jar:1.5.12:compile, ch.qos.logback:logback-core=ch.qos.logback:logback-core:jar:1.5.12:compile, org.apache.logging.log4j:log4j-to-slf4j=org.apache.logging.log4j:log4j-to-slf4j:jar:2.23.1:compile, org.apache.logging.log4j:log4j-api=org.apache.logging.log4j:log4j-api:jar:2.23.1:compile, org.slf4j:jul-to-slf4j=org.slf4j:jul-to-slf4j:jar:2.0.16:compile, org.yaml:snakeyaml=org.yaml:snakeyaml:jar:2.2:compile, org.springframework:spring-aop=org.springframework:spring-aop:jar:6.1.15:compile, org.springframework.security:spring-security-config=org.springframework.security:spring-security-config:jar:6.3.5:compile, org.springframework.security:spring-security-web=org.springframework.security:spring-security-web:jar:6.3.5:compile, org.springframework:spring-expression=org.springframework:spring-expression:jar:6.1.15:compile, org.springframework.boot:spring-boot-starter-validation=org.springframework.boot:spring-boot-starter-validation:jar:3.3.6:compile, org.apache.tomcat.embed:tomcat-embed-el=org.apache.tomcat.embed:tomcat-embed-el:jar:10.1.33:compile, org.hibernate.validator:hibernate-validator=org.hibernate.validator:hibernate-validator:jar:8.0.1.Final:compile, jakarta.validation:jakarta.validation-api=jakarta.validation:jakarta.validation-api:jar:3.0.2:compile, org.springframework.boot:spring-boot-starter-web=org.springframework.boot:spring-boot-starter-web:jar:3.3.6:compile, org.springframework.boot:spring-boot-starter-json=org.springframework.boot:spring-boot-starter-json:jar:3.3.6:compile, com.fasterxml.jackson.datatype:jackson-datatype-jdk8=com.fasterxml.jackson.datatype:jackson-datatype-jdk8:jar:2.17.3:compile, com.fasterxml.jackson.datatype:jackson-datatype-jsr310=com.fasterxml.jackson.datatype:jackson-datatype-jsr310:jar:2.17.3:compile, com.fasterxml.jackson.module:jackson-module-parameter-names=com.fasterxml.jackson.module:jackson-module-parameter-names:jar:2.17.3:compile, org.springframework.boot:spring-boot-starter-tomcat=org.springframework.boot:spring-boot-starter-tomcat:jar:3.3.6:compile, org.apache.tomcat.embed:tomcat-embed-core=org.apache.tomcat.embed:tomcat-embed-core:jar:10.1.33:compile, org.apache.tomcat.embed:tomcat-embed-websocket=org.apache.tomcat.embed:tomcat-embed-websocket:jar:10.1.33:compile, org.springframework:spring-web=org.springframework:spring-web:jar:6.1.15:compile, io.micrometer:micrometer-observation=io.micrometer:micrometer-observation:jar:1.13.8:compile, io.micrometer:micrometer-commons=io.micrometer:micrometer-commons:jar:1.13.8:compile, org.springframework:spring-webmvc=org.springframework:spring-webmvc:jar:6.1.15:compile, org.springframework.cloud:spring-cloud-starter-netflix-eureka-client=org.springframework.cloud:spring-cloud-starter-netflix-eureka-client:jar:4.1.3:compile, org.springframework.cloud:spring-cloud-starter=org.springframework.cloud:spring-cloud-starter:jar:4.1.4:compile, org.springframework.cloud:spring-cloud-context=org.springframework.cloud:spring-cloud-context:jar:4.1.4:compile, org.springframework.cloud:spring-cloud-commons=org.springframework.cloud:spring-cloud-commons:jar:4.1.4:compile, org.springframework.security:spring-security-rsa=org.springframework.security:spring-security-rsa:jar:1.1.3:compile, org.bouncycastle:bcprov-jdk18on=org.bouncycastle:bcprov-jdk18on:jar:1.78:compile, org.springframework.cloud:spring-cloud-netflix-eureka-client=org.springframework.cloud:spring-cloud-netflix-eureka-client:jar:4.1.3:compile, org.apache.httpcomponents.client5:httpclient5=org.apache.httpcomponents.client5:httpclient5:jar:5.3.1:compile, org.apache.httpcomponents.core5:httpcore5=org.apache.httpcomponents.core5:httpcore5:jar:5.2.5:compile, org.apache.httpcomponents.core5:httpcore5-h2=org.apache.httpcomponents.core5:httpcore5-h2:jar:5.2.5:compile, com.netflix.eureka:eureka-client=com.netflix.eureka:eureka-client:jar:2.0.3:compile, com.thoughtworks.xstream:xstream=com.thoughtworks.xstream:xstream:jar:1.4.20:compile, io.github.x-stream:mxparser=io.github.x-stream:mxparser:jar:1.2.2:compile, xmlpull:xmlpull=xmlpull:xmlpull:jar:1.1.3.1:compile, jakarta.ws.rs:jakarta.ws.rs-api=jakarta.ws.rs:jakarta.ws.rs-api:jar:3.1.0:compile, com.netflix.spectator:spectator-api=com.netflix.spectator:spectator-api:jar:1.7.3:compile, org.apache.httpcomponents:httpclient=org.apache.httpcomponents:httpclient:jar:4.5.3:compile, org.apache.httpcomponents:httpcore=org.apache.httpcomponents:httpcore:jar:4.4.16:compile, commons-codec:commons-codec=commons-codec:commons-codec:jar:1.16.1:compile, commons-configuration:commons-configuration=commons-configuration:commons-configuration:jar:1.10:compile, commons-lang:commons-lang=commons-lang:commons-lang:jar:2.6:compile, com.fasterxml.jackson.core:jackson-annotations=com.fasterxml.jackson.core:jackson-annotations:jar:2.17.3:compile, com.fasterxml.jackson.core:jackson-core=com.fasterxml.jackson.core:jackson-core:jar:2.17.3:compile, com.netflix.netflix-commons:netflix-eventbus=com.netflix.netflix-commons:netflix-eventbus:jar:0.3.0:runtime, com.netflix.netflix-commons:netflix-infix=com.netflix.netflix-commons:netflix-infix:jar:0.3.0:runtime, commons-jxpath:commons-jxpath=commons-jxpath:commons-jxpath:jar:1.3:runtime, joda-time:joda-time=joda-time:joda-time:jar:2.3:runtime, org.antlr:antlr-runtime=org.antlr:antlr-runtime:jar:3.4:runtime, org.antlr:stringtemplate=org.antlr:stringtemplate:jar:3.2.1:runtime, antlr:antlr=antlr:antlr:jar:2.7.7:runtime, com.google.code.gson:gson=com.google.code.gson:gson:jar:2.10.1:runtime, com.netflix.servo:servo-core=com.netflix.servo:servo-core:jar:0.5.3:runtime, org.apache.commons:commons-math=org.apache.commons:commons-math:jar:2.2:runtime, javax.annotation:javax.annotation-api=javax.annotation:javax.annotation-api:jar:1.2:runtime, org.codehaus.jettison:jettison=org.codehaus.jettison:jettison:jar:1.5.4:runtime, com.netflix.eureka:eureka-core=com.netflix.eureka:eureka-core:jar:2.0.3:compile, com.fasterxml.woodstox:woodstox-core=com.fasterxml.woodstox:woodstox-core:jar:6.2.1:compile, org.codehaus.woodstox:stax2-api=org.codehaus.woodstox:stax2-api:jar:4.2.1:compile, com.google.guava:guava=com.google.guava:guava:jar:33.0.0-jre:runtime, com.google.guava:failureaccess=com.google.guava:failureaccess:jar:1.0.2:runtime, com.google.guava:listenablefuture=com.google.guava:listenablefuture:jar:9999.0-empty-to-avoid-conflict-with-guava:runtime, org.checkerframework:checker-qual=org.checkerframework:checker-qual:jar:3.41.0:runtime, com.google.errorprone:error_prone_annotations=com.google.errorprone:error_prone_annotations:jar:2.23.0:runtime, com.google.j2objc:j2objc-annotations=com.google.j2objc:j2objc-annotations:jar:2.8:runtime, org.springframework.cloud:spring-cloud-starter-loadbalancer=org.springframework.cloud:spring-cloud-starter-loadbalancer:jar:4.1.4:compile, org.springframework.cloud:spring-cloud-loadbalancer=org.springframework.cloud:spring-cloud-loadbalancer:jar:4.1.4:compile, io.projectreactor:reactor-core=io.projectreactor:reactor-core:jar:3.6.12:compile, org.reactivestreams:reactive-streams=org.reactivestreams:reactive-streams:jar:1.0.4:compile, io.projectreactor.addons:reactor-extra=io.projectreactor.addons:reactor-extra:jar:3.5.2:compile, org.springframework.boot:spring-boot-starter-cache=org.springframework.boot:spring-boot-starter-cache:jar:3.3.6:compile, org.springframework:spring-context-support=org.springframework:spring-context-support:jar:6.1.15:compile, com.stoyanr:evictor=com.stoyanr:evictor:jar:1.0.0:compile, org.springframework.boot:spring-boot-devtools=org.springframework.boot:spring-boot-devtools:jar:3.3.6:runtime, org.springframework.boot:spring-boot=org.springframework.boot:spring-boot:jar:3.3.6:compile, org.springframework.boot:spring-boot-autoconfigure=org.springframework.boot:spring-boot-autoconfigure:jar:3.3.6:compile, com.mysql:mysql-connector-j=com.mysql:mysql-connector-j:jar:8.3.0:runtime, org.projectlombok:lombok=org.projectlombok:lombok:jar:1.18.36:compile, io.jsonwebtoken:jjwt-api=io.jsonwebtoken:jjwt-api:jar:0.11.5:compile, io.jsonwebtoken:jjwt-impl=io.jsonwebtoken:jjwt-impl:jar:0.11.5:runtime, io.jsonwebtoken:jjwt-jackson=io.jsonwebtoken:jjwt-jackson:jar:0.11.5:runtime, com.fasterxml.jackson.core:jackson-databind=com.fasterxml.jackson.core:jackson-databind:jar:2.17.3:compile, org.springframework.boot:spring-boot-starter-test=org.springframework.boot:spring-boot-starter-test:jar:3.3.6:test, org.springframework.boot:spring-boot-test=org.springframework.boot:spring-boot-test:jar:3.3.6:test, org.springframework.boot:spring-boot-test-autoconfigure=org.springframework.boot:spring-boot-test-autoconfigure:jar:3.3.6:test, com.jayway.jsonpath:json-path=com.jayway.jsonpath:json-path:jar:2.9.0:test, jakarta.xml.bind:jakarta.xml.bind-api=jakarta.xml.bind:jakarta.xml.bind-api:jar:4.0.2:runtime, jakarta.activation:jakarta.activation-api=jakarta.activation:jakarta.activation-api:jar:2.1.3:runtime, net.minidev:json-smart=net.minidev:json-smart:jar:2.5.1:test, net.minidev:accessors-smart=net.minidev:accessors-smart:jar:2.5.1:test, org.ow2.asm:asm=org.ow2.asm:asm:jar:9.6:test, org.assertj:assertj-core=org.assertj:assertj-core:jar:3.25.3:test, org.awaitility:awaitility=org.awaitility:awaitility:jar:4.2.2:test, org.hamcrest:hamcrest=org.hamcrest:hamcrest:jar:2.2:test, org.junit.jupiter:junit-jupiter=org.junit.jupiter:junit-jupiter:jar:5.10.5:test, org.junit.jupiter:junit-jupiter-api=org.junit.jupiter:junit-jupiter-api:jar:5.10.5:test, org.opentest4j:opentest4j=org.opentest4j:opentest4j:jar:1.3.0:test, org.junit.platform:junit-platform-commons=org.junit.platform:junit-platform-commons:jar:1.10.5:test, org.apiguardian:apiguardian-api=org.apiguardian:apiguardian-api:jar:1.1.2:test, org.junit.jupiter:junit-jupiter-params=org.junit.jupiter:junit-jupiter-params:jar:5.10.5:test, org.junit.jupiter:junit-jupiter-engine=org.junit.jupiter:junit-jupiter-engine:jar:5.10.5:test, org.junit.platform:junit-platform-engine=org.junit.platform:junit-platform-engine:jar:1.10.5:test, org.mockito:mockito-core=org.mockito:mockito-core:jar:5.11.0:test, net.bytebuddy:byte-buddy-agent=net.bytebuddy:byte-buddy-agent:jar:1.14.19:test, org.objenesis:objenesis=org.objenesis:objenesis:jar:3.3:test, org.mockito:mockito-junit-jupiter=org.mockito:mockito-junit-jupiter:jar:5.11.0:test, org.skyscreamer:jsonassert=org.skyscreamer:jsonassert:jar:1.5.3:test, com.vaadin.external.google:android-json=com.vaadin.external.google:android-json:jar:0.0.20131108.vaadin1:test, org.springframework:spring-core=org.springframework:spring-core:jar:6.1.15:compile, org.springframework:spring-jcl=org.springframework:spring-jcl:jar:6.1.15:compile, org.springframework:spring-test=org.springframework:spring-test:jar:6.1.15:test, org.xmlunit:xmlunit-core=org.xmlunit:xmlunit-core:jar:2.9.1:test, org.springframework.security:spring-security-test=org.springframework.security:spring-security-test:jar:6.3.5:test, org.springframework.security:spring-security-core=org.springframework.security:spring-security-core:jar:6.3.5:compile, org.springframework.security:spring-security-crypto=org.springframework.security:spring-security-crypto:jar:6.3.5:compile}
[DEBUG]   (s) projectBuildDirectory = C:\Users\pchikkag\Documents\workspace-spring-tools-for-eclipse-5.0.1.RELEASE\SkyRoute\UserService\UserService\target
[DEBUG]   (s) redirectTestOutputToFile = false
[DEBUG]   (s) reportFormat = brief
[DEBUG]   (s) reportsDirectory = C:\Users\pchikkag\Documents\workspace-spring-tools-for-eclipse-5.0.1.RELEASE\SkyRoute\UserService\UserService\target\surefire-reports
[DEBUG]   (f) rerunFailingTestsCount = 0
[DEBUG]   (f) reuseForks = true
[DEBUG]   (s) runOrder = filesystem
[DEBUG]   (s) session = org.apache.maven.execution.MavenSession@a5bbaec
[DEBUG]   (f) shutdown = exit
[DEBUG]   (s) skip = false
[DEBUG]   (f) skipAfterFailureCount = 0
[DEBUG]   (s) skipTests = false
[DEBUG]   (s) suiteXmlFiles = []
[DEBUG]   (s) tempDir = surefire
[DEBUG]   (s) testClassesDirectory = C:\Users\pchikkag\Documents\workspace-spring-tools-for-eclipse-5.0.1.RELEASE\SkyRoute\UserService\UserService\target\test-classes
[DEBUG]   (s) testFailureIgnore = false
[DEBUG]   (s) testNGArtifactName = org.testng:testng
[DEBUG]   (s) testSourceDirectory = C:\Users\pchikkag\Documents\workspace-spring-tools-for-eclipse-5.0.1.RELEASE\SkyRoute\UserService\UserService\src\test\java
[DEBUG]   (s) threadCountClasses = 0
[DEBUG]   (s) threadCountMethods = 0
[DEBUG]   (s) threadCountSuites = 0
[DEBUG]   (s) trimStackTrace = false
[DEBUG]   (s) useFile = true
[DEBUG]   (s) useManifestOnlyJar = true
[DEBUG]   (f) useModulePath = true
[DEBUG]   (s) useSystemClassLoader = true
[DEBUG]   (s) useUnlimitedThreads = false
[DEBUG]   (s) workingDirectory = C:\Users\pchikkag\Documents\workspace-spring-tools-for-eclipse-5.0.1.RELEASE\SkyRoute\UserService\UserService
[DEBUG] -- end configuration --
[DEBUG] Using JVM: C:\Program Files\Eclipse Adoptium\jdk-25.0.1.8-hotspot\bin\java with Java version 25.0
[DEBUG] Resolved included and excluded patterns: **/Test*.java, **/*Test.java, **/*Tests.java, **/*TestCase.java, !**/*$*
[DEBUG] Surefire report directory: C:\Users\pchikkag\Documents\workspace-spring-tools-for-eclipse-5.0.1.RELEASE\SkyRoute\UserService\UserService\target\surefire-reports
[INFO] Using auto detected provider org.apache.maven.surefire.junitplatform.JUnitPlatformProvider
[DEBUG] Using the provider org.apache.maven.surefire.junitplatform.JUnitPlatformProvider
[DEBUG] Setting system property [basedir]=[C:\Users\pchikkag\Documents\workspace-spring-tools-for-eclipse-5.0.1.RELEASE\SkyRoute\UserService\UserService]
[DEBUG] Setting system property [localRepository]=[C:\Users\pchikkag\.m2\repository]
[DEBUG] Dependency collection stats {ConflictMarker.analyzeTime=37400, ConflictMarker.markTime=20700, ConflictMarker.nodeCount=7, ConflictIdSorter.graphTime=7200, ConflictIdSorter.topsortTime=15400, ConflictIdSorter.conflictIdCount=5, ConflictIdSorter.conflictIdCycleCount=0, ConflictResolver.totalTime=241600, ConflictResolver.conflictItemCount=6, DfDependencyCollector.collectTime=5429900, DfDependencyCollector.transformTime=347600}
[DEBUG] Found implementation of fork node factory: org.apache.maven.plugin.surefire.extensions.LegacyForkNodeFactory
[DEBUG] Using fork starter with configuration implementation org.apache.maven.plugin.surefire.booterclient.JarManifestForkConfiguration
[DEBUG] Dependency collection stats {ConflictMarker.analyzeTime=69400, ConflictMarker.markTime=37900, ConflictMarker.nodeCount=15, ConflictIdSorter.graphTime=15300, ConflictIdSorter.topsortTime=57000, ConflictIdSorter.conflictIdCount=10, ConflictIdSorter.conflictIdCycleCount=0, ConflictResolver.totalTime=223400, ConflictResolver.conflictItemCount=14, DfDependencyCollector.collectTime=22464600, DfDependencyCollector.transformTime=434700}
[DEBUG] Resolving artifact org.junit.platform:junit-platform-launcher:1.10.5
[DEBUG] Dependency collection stats {ConflictMarker.analyzeTime=25600, ConflictMarker.markTime=31100, ConflictMarker.nodeCount=8, ConflictIdSorter.graphTime=10000, ConflictIdSorter.topsortTime=19600, ConflictIdSorter.conflictIdCount=5, ConflictIdSorter.conflictIdCycleCount=0, ConflictResolver.totalTime=156300, ConflictResolver.conflictItemCount=7, DfDependencyCollector.collectTime=3483400, DfDependencyCollector.transformTime=272200}
[DEBUG] Resolved artifact org.junit.platform:junit-platform-launcher:1.10.5 to [org.junit.platform:junit-platform-launcher:jar:1.10.5, org.junit.platform:junit-platform-engine:jar:1.10.5, org.opentest4j:opentest4j:jar:1.3.0, org.junit.platform:junit-platform-commons:jar:1.10.5, org.apiguardian:apiguardian-api:jar:1.1.2]
[DEBUG] test classpath:  C:\Users\pchikkag\Documents\workspace-spring-tools-for-eclipse-5.0.1.RELEASE\SkyRoute\UserService\UserService\target\test-classes  C:\Users\pchikkag\Documents\workspace-spring-tools-for-eclipse-5.0.1.RELEASE\SkyRoute\UserService\UserService\target\classes  C:\Users\pchikkag\.m2\repository\org\springframework\boot\spring-boot-starter-data-jpa\3.3.6\spring-boot-starter-data-jpa-3.3.6.jar  C:\Users\pchikkag\.m2\repository\org\springframework\boot\spring-boot-starter-aop\3.3.6\spring-boot-starter-aop-3.3.6.jar  C:\Users\pchikkag\.m2\repository\org\aspectj\aspectjweaver\1.9.22.1\aspectjweaver-1.9.22.1.jar  C:\Users\pchikkag\.m2\repository\org\springframework\boot\spring-boot-starter-jdbc\3.3.6\spring-boot-starter-jdbc-3.3.6.jar  C:\Users\pchikkag\.m2\repository\com\zaxxer\HikariCP\5.1.0\HikariCP-5.1.0.jar  C:\Users\pchikkag\.m2\repository\org\springframework\spring-jdbc\6.1.15\spring-jdbc-6.1.15.jar  C:\Users\pchikkag\.m2\repository\org\hibernate\orm\hibernate-core\6.5.3.Final\hibernate-core-6.5.3.Final.jar  C:\Users\pchikkag\.m2\repository\jakarta\persistence\jakarta.persistence-api\3.1.0\jakarta.persistence-api-3.1.0.jar  C:\Users\pchikkag\.m2\repository\jakarta\transaction\jakarta.transaction-api\2.0.1\jakarta.transaction-api-2.0.1.jar  C:\Users\pchikkag\.m2\repository\org\jboss\logging\jboss-logging\3.5.3.Final\jboss-logging-3.5.3.Final.jar  C:\Users\pchikkag\.m2\repository\org\hibernate\common\hibernate-commons-annotations\6.0.6.Final\hibernate-commons-annotations-6.0.6.Final.jar  C:\Users\pchikkag\.m2\repository\io\smallrye\jandex\3.1.2\jandex-3.1.2.jar  C:\Users\pchikkag\.m2\repository\com\fasterxml\classmate\1.7.0\classmate-1.7.0.jar  C:\Users\pchikkag\.m2\repository\net\bytebuddy\byte-buddy\1.14.19\byte-buddy-1.14.19.jar  C:\Users\pchikkag\.m2\repository\org\glassfish\jaxb\jaxb-runtime\4.0.5\jaxb-runtime-4.0.5.jar  C:\Users\pchikkag\.m2\repository\org\glassfish\jaxb\jaxb-core\4.0.5\jaxb-core-4.0.5.jar  C:\Users\pchikkag\.m2\repository\org\eclipse\angus\angus-activation\2.0.2\angus-activation-2.0.2.jar  C:\Users\pchikkag\.m2\repository\org\glassfish\jaxb\txw2\4.0.5\txw2-4.0.5.jar  C:\Users\pchikkag\.m2\repository\com\sun\istack\istack-commons-runtime\4.1.2\istack-commons-runtime-4.1.2.jar  C:\Users\pchikkag\.m2\repository\jakarta\inject\jakarta.inject-api\2.0.1\jakarta.inject-api-2.0.1.jar  C:\Users\pchikkag\.m2\repository\org\antlr\antlr4-runtime\4.13.0\antlr4-runtime-4.13.0.jar  C:\Users\pchikkag\.m2\repository\org\springframework\data\spring-data-jpa\3.3.6\spring-data-jpa-3.3.6.jar  C:\Users\pchikkag\.m2\repository\org\springframework\data\spring-data-commons\3.3.6\spring-data-commons-3.3.6.jar  C:\Users\pchikkag\.m2\repository\org\springframework\spring-orm\6.1.15\spring-orm-6.1.15.jar  C:\Users\pchikkag\.m2\repository\org\springframework\spring-context\6.1.15\spring-context-6.1.15.jar  C:\Users\pchikkag\.m2\repository\org\springframework\spring-tx\6.1.15\spring-tx-6.1.15.jar  C:\Users\pchikkag\.m2\repository\org\springframework\spring-beans\6.1.15\spring-beans-6.1.15.jar  C:\Users\pchikkag\.m2\repository\jakarta\annotation\jakarta.annotation-api\2.1.1\jakarta.annotation-api-2.1.1.jar  C:\Users\pchikkag\.m2\repository\org\slf4j\slf4j-api\2.0.16\slf4j-api-2.0.16.jar  C:\Users\pchikkag\.m2\repository\org\springframework\spring-aspects\6.1.15\spring-aspects-6.1.15.jar  C:\Users\pchikkag\.m2\repository\org\springframework\boot\spring-boot-starter-security\3.3.6\spring-boot-starter-security-3.3.6.jar  C:\Users\pchikkag\.m2\repository\org\springframework\boot\spring-boot-starter\3.3.6\spring-boot-starter-3.3.6.jar  C:\Users\pchikkag\.m2\repository\org\springframework\boot\spring-boot-starter-logging\3.3.6\spring-boot-starter-logging-3.3.6.jar  C:\Users\pchikkag\.m2\repository\ch\qos\logback\logback-classic\1.5.12\logback-classic-1.5.12.jar  C:\Users\pchikkag\.m2\repository\ch\qos\logback\logback-core\1.5.12\logback-core-1.5.12.jar  C:\Users\pchikkag\.m2\repository\org\apache\logging\log4j\log4j-to-slf4j\2.23.1\log4j-to-slf4j-2.23.1.jar  C:\Users\pchikkag\.m2\repository\org\apache\logging\log4j\log4j-api\2.23.1\log4j-api-2.23.1.jar  C:\Users\pchikkag\.m2\repository\org\slf4j\jul-to-slf4j\2.0.16\jul-to-slf4j-2.0.16.jar  C:\Users\pchikkag\.m2\repository\org\yaml\snakeyaml\2.2\snakeyaml-2.2.jar  C:\Users\pchikkag\.m2\repository\org\springframework\spring-aop\6.1.15\spring-aop-6.1.15.jar  C:\Users\pchikkag\.m2\repository\org\springframework\security\spring-security-config\6.3.5\spring-security-config-6.3.5.jar  C:\Users\pchikkag\.m2\repository\org\springframework\security\spring-security-web\6.3.5\spring-security-web-6.3.5.jar  C:\Users\pchikkag\.m2\repository\org\springframework\spring-expression\6.1.15\spring-expression-6.1.15.jar  C:\Users\pchikkag\.m2\repository\org\springframework\boot\spring-boot-starter-validation\3.3.6\spring-boot-starter-validation-3.3.6.jar  C:\Users\pchikkag\.m2\repository\org\apache\tomcat\embed\tomcat-embed-el\10.1.33\tomcat-embed-el-10.1.33.jar  C:\Users\pchikkag\.m2\repository\org\hibernate\validator\hibernate-validator\8.0.1.Final\hibernate-validator-8.0.1.Final.jar  C:\Users\pchikkag\.m2\repository\jakarta\validation\jakarta.validation-api\3.0.2\jakarta.validation-api-3.0.2.jar  C:\Users\pchikkag\.m2\repository\org\springframework\boot\spring-boot-starter-web\3.3.6\spring-boot-starter-web-3.3.6.jar  C:\Users\pchikkag\.m2\repository\org\springframework\boot\spring-boot-starter-json\3.3.6\spring-boot-starter-json-3.3.6.jar  C:\Users\pchikkag\.m2\repository\com\fasterxml\jackson\datatype\jackson-datatype-jdk8\2.17.3\jackson-datatype-jdk8-2.17.3.jar  C:\Users\pchikkag\.m2\repository\com\fasterxml\jackson\datatype\jackson-datatype-jsr310\2.17.3\jackson-datatype-jsr310-2.17.3.jar  C:\Users\pchikkag\.m2\repository\com\fasterxml\jackson\module\jackson-module-parameter-names\2.17.3\jackson-module-parameter-names-2.17.3.jar  C:\Users\pchikkag\.m2\repository\org\springframework\boot\spring-boot-starter-tomcat\3.3.6\spring-boot-starter-tomcat-3.3.6.jar  C:\Users\pchikkag\.m2\repository\org\apache\tomcat\embed\tomcat-embed-core\10.1.33\tomcat-embed-core-10.1.33.jar  C:\Users\pchikkag\.m2\repository\org\apache\tomcat\embed\tomcat-embed-websocket\10.1.33\tomcat-embed-websocket-10.1.33.jar  C:\Users\pchikkag\.m2\repository\org\springframework\spring-web\6.1.15\spring-web-6.1.15.jar  C:\Users\pchikkag\.m2\repository\io\micrometer\micrometer-observation\1.13.8\micrometer-observation-1.13.8.jar  C:\Users\pchikkag\.m2\repository\io\micrometer\micrometer-commons\1.13.8\micrometer-commons-1.13.8.jar  C:\Users\pchikkag\.m2\repository\org\springframework\spring-webmvc\6.1.15\spring-webmvc-6.1.15.jar  C:\Users\pchikkag\.m2\repository\org\springframework\cloud\spring-cloud-starter-netflix-eureka-client\4.1.3\spring-cloud-starter-netflix-eureka-client-4.1.3.jar  C:\Users\pchikkag\.m2\repository\org\springframework\cloud\spring-cloud-starter\4.1.4\spring-cloud-starter-4.1.4.jar  C:\Users\pchikkag\.m2\repository\org\springframework\cloud\spring-cloud-context\4.1.4\spring-cloud-context-4.1.4.jar  C:\Users\pchikkag\.m2\repository\org\springframework\cloud\spring-cloud-commons\4.1.4\spring-cloud-commons-4.1.4.jar  C:\Users\pchikkag\.m2\repository\org\springframework\security\spring-security-rsa\1.1.3\spring-security-rsa-1.1.3.jar  C:\Users\pchikkag\.m2\repository\org\bouncycastle\bcprov-jdk18on\1.78\bcprov-jdk18on-1.78.jar  C:\Users\pchikkag\.m2\repository\org\springframework\cloud\spring-cloud-netflix-eureka-client\4.1.3\spring-cloud-netflix-eureka-client-4.1.3.jar  C:\Users\pchikkag\.m2\repository\org\apache\httpcomponents\client5\httpclient5\5.3.1\httpclient5-5.3.1.jar  C:\Users\pchikkag\.m2\repository\org\apache\httpcomponents\core5\httpcore5\5.2.5\httpcore5-5.2.5.jar  C:\Users\pchikkag\.m2\repository\org\apache\httpcomponents\core5\httpcore5-h2\5.2.5\httpcore5-h2-5.2.5.jar  C:\Users\pchikkag\.m2\repository\com\netflix\eureka\eureka-client\2.0.3\eureka-client-2.0.3.jar  C:\Users\pchikkag\.m2\repository\com\thoughtworks\xstream\xstream\1.4.20\xstream-1.4.20.jar  C:\Users\pchikkag\.m2\repository\io\github\x-stream\mxparser\1.2.2\mxparser-1.2.2.jar  C:\Users\pchikkag\.m2\repository\xmlpull\xmlpull\1.1.3.1\xmlpull-1.1.3.1.jar  C:\Users\pchikkag\.m2\repository\jakarta\ws\rs\jakarta.ws.rs-api\3.1.0\jakarta.ws.rs-api-3.1.0.jar  C:\Users\pchikkag\.m2\repository\com\netflix\spectator\spectator-api\1.7.3\spectator-api-1.7.3.jar  C:\Users\pchikkag\.m2\repository\org\apache\httpcomponents\httpclient\4.5.3\httpclient-4.5.3.jar  C:\Users\pchikkag\.m2\repository\org\apache\httpcomponents\httpcore\4.4.16\httpcore-4.4.16.jar  C:\Users\pchikkag\.m2\repository\commons-codec\commons-codec\1.16.1\commons-codec-1.16.1.jar  C:\Users\pchikkag\.m2\repository\commons-configuration\commons-configuration\1.10\commons-configuration-1.10.jar  C:\Users\pchikkag\.m2\repository\commons-lang\commons-lang\2.6\commons-lang-2.6.jar  C:\Users\pchikkag\.m2\repository\com\fasterxml\jackson\core\jackson-annotations\2.17.3\jackson-annotations-2.17.3.jar  C:\Users\pchikkag\.m2\repository\com\fasterxml\jackson\core\jackson-core\2.17.3\jackson-core-2.17.3.jar  C:\Users\pchikkag\.m2\repository\com\netflix\netflix-commons\netflix-eventbus\0.3.0\netflix-eventbus-0.3.0.jar  C:\Users\pchikkag\.m2\repository\com\netflix\netflix-commons\netflix-infix\0.3.0\netflix-infix-0.3.0.jar  C:\Users\pchikkag\.m2\repository\commons-jxpath\commons-jxpath\1.3\commons-jxpath-1.3.jar  C:\Users\pchikkag\.m2\repository\joda-time\joda-time\2.3\joda-time-2.3.jar  C:\Users\pchikkag\.m2\repository\org\antlr\antlr-runtime\3.4\antlr-runtime-3.4.jar  C:\Users\pchikkag\.m2\repository\org\antlr\stringtemplate\3.2.1\stringtemplate-3.2.1.jar  C:\Users\pchikkag\.m2\repository\antlr\antlr\2.7.7\antlr-2.7.7.jar  C:\Users\pchikkag\.m2\repository\com\google\code\gson\gson\2.10.1\gson-2.10.1.jar  C:\Users\pchikkag\.m2\repository\com\netflix\servo\servo-core\0.5.3\servo-core-0.5.3.jar  C:\Users\pchikkag\.m2\repository\org\apache\commons\commons-math\2.2\commons-math-2.2.jar  C:\Users\pchikkag\.m2\repository\javax\annotation\javax.annotation-api\1.2\javax.annotation-api-1.2.jar  C:\Users\pchikkag\.m2\repository\org\codehaus\jettison\jettison\1.5.4\jettison-1.5.4.jar  C:\Users\pchikkag\.m2\repository\com\netflix\eureka\eureka-core\2.0.3\eureka-core-2.0.3.jar  C:\Users\pchikkag\.m2\repository\com\fasterxml\woodstox\woodstox-core\6.2.1\woodstox-core-6.2.1.jar  C:\Users\pchikkag\.m2\repository\org\codehaus\woodstox\stax2-api\4.2.1\stax2-api-4.2.1.jar  C:\Users\pchikkag\.m2\repository\com\google\guava\guava\33.0.0-jre\guava-33.0.0-jre.jar  C:\Users\pchikkag\.m2\repository\com\google\guava\failureaccess\1.0.2\failureaccess-1.0.2.jar  C:\Users\pchikkag\.m2\repository\com\google\guava\listenablefuture\9999.0-empty-to-avoid-conflict-with-guava\listenablefuture-9999.0-empty-to-avoid-conflict-with-guava.jar  C:\Users\pchikkag\.m2\repository\org\checkerframework\checker-qual\3.41.0\checker-qual-3.41.0.jar  C:\Users\pchikkag\.m2\repository\com\google\errorprone\error_prone_annotations\2.23.0\error_prone_annotations-2.23.0.jar  C:\Users\pchikkag\.m2\repository\com\google\j2objc\j2objc-annotations\2.8\j2objc-annotations-2.8.jar  C:\Users\pchikkag\.m2\repository\org\springframework\cloud\spring-cloud-starter-loadbalancer\4.1.4\spring-cloud-starter-loadbalancer-4.1.4.jar  C:\Users\pchikkag\.m2\repository\org\springframework\cloud\spring-cloud-loadbalancer\4.1.4\spring-cloud-loadbalancer-4.1.4.jar  C:\Users\pchikkag\.m2\repository\io\projectreactor\reactor-core\3.6.12\reactor-core-3.6.12.jar  C:\Users\pchikkag\.m2\repository\org\reactivestreams\reactive-streams\1.0.4\reactive-streams-1.0.4.jar  C:\Users\pchikkag\.m2\repository\io\projectreactor\addons\reactor-extra\3.5.2\reactor-extra-3.5.2.jar  C:\Users\pchikkag\.m2\repository\org\springframework\boot\spring-boot-starter-cache\3.3.6\spring-boot-starter-cache-3.3.6.jar  C:\Users\pchikkag\.m2\repository\org\springframework\spring-context-support\6.1.15\spring-context-support-6.1.15.jar  C:\Users\pchikkag\.m2\repository\com\stoyanr\evictor\1.0.0\evictor-1.0.0.jar  C:\Users\pchikkag\.m2\repository\org\springframework\boot\spring-boot-devtools\3.3.6\spring-boot-devtools-3.3.6.jar  C:\Users\pchikkag\.m2\repository\org\springframework\boot\spring-boot\3.3.6\spring-boot-3.3.6.jar  C:\Users\pchikkag\.m2\repository\org\springframework\boot\spring-boot-autoconfigure\3.3.6\spring-boot-autoconfigure-3.3.6.jar  C:\Users\pchikkag\.m2\repository\com\mysql\mysql-connector-j\8.3.0\mysql-connector-j-8.3.0.jar  C:\Users\pchikkag\.m2\repository\org\projectlombok\lombok\1.18.36\lombok-1.18.36.jar  C:\Users\pchikkag\.m2\repository\io\jsonwebtoken\jjwt-api\0.11.5\jjwt-api-0.11.5.jar  C:\Users\pchikkag\.m2\repository\io\jsonwebtoken\jjwt-impl\0.11.5\jjwt-impl-0.11.5.jar  C:\Users\pchikkag\.m2\repository\io\jsonwebtoken\jjwt-jackson\0.11.5\jjwt-jackson-0.11.5.jar  C:\Users\pchikkag\.m2\repository\com\fasterxml\jackson\core\jackson-databind\2.17.3\jackson-databind-2.17.3.jar  C:\Users\pchikkag\.m2\repository\org\springframework\boot\spring-boot-starter-test\3.3.6\spring-boot-starter-test-3.3.6.jar  C:\Users\pchikkag\.m2\repository\org\springframework\boot\spring-boot-test\3.3.6\spring-boot-test-3.3.6.jar  C:\Users\pchikkag\.m2\repository\org\springframework\boot\spring-boot-test-autoconfigure\3.3.6\spring-boot-test-autoconfigure-3.3.6.jar  C:\Users\pchikkag\.m2\repository\com\jayway\jsonpath\json-path\2.9.0\json-path-2.9.0.jar  C:\Users\pchikkag\.m2\repository\jakarta\xml\bind\jakarta.xml.bind-api\4.0.2\jakarta.xml.bind-api-4.0.2.jar  C:\Users\pchikkag\.m2\repository\jakarta\activation\jakarta.activation-api\2.1.3\jakarta.activation-api-2.1.3.jar  C:\Users\pchikkag\.m2\repository\net\minidev\json-smart\2.5.1\json-smart-2.5.1.jar  C:\Users\pchikkag\.m2\repository\net\minidev\accessors-smart\2.5.1\accessors-smart-2.5.1.jar  C:\Users\pchikkag\.m2\repository\org\ow2\asm\asm\9.6\asm-9.6.jar  C:\Users\pchikkag\.m2\repository\org\assertj\assertj-core\3.25.3\assertj-core-3.25.3.jar  C:\Users\pchikkag\.m2\repository\org\awaitility\awaitility\4.2.2\awaitility-4.2.2.jar  C:\Users\pchikkag\.m2\repository\org\hamcrest\hamcrest\2.2\hamcrest-2.2.jar  C:\Users\pchikkag\.m2\repository\org\junit\jupiter\junit-jupiter\5.10.5\junit-jupiter-5.10.5.jar  C:\Users\pchikkag\.m2\repository\org\junit\jupiter\junit-jupiter-api\5.10.5\junit-jupiter-api-5.10.5.jar  C:\Users\pchikkag\.m2\repository\org\opentest4j\opentest4j\1.3.0\opentest4j-1.3.0.jar  C:\Users\pchikkag\.m2\repository\org\junit\platform\junit-platform-commons\1.10.5\junit-platform-commons-1.10.5.jar  C:\Users\pchikkag\.m2\repository\org\apiguardian\apiguardian-api\1.1.2\apiguardian-api-1.1.2.jar  C:\Users\pchikkag\.m2\repository\org\junit\jupiter\junit-jupiter-params\5.10.5\junit-jupiter-params-5.10.5.jar  C:\Users\pchikkag\.m2\repository\org\junit\jupiter\junit-jupiter-engine\5.10.5\junit-jupiter-engine-5.10.5.jar  C:\Users\pchikkag\.m2\repository\org\junit\platform\junit-platform-engine\1.10.5\junit-platform-engine-1.10.5.jar  C:\Users\pchikkag\.m2\repository\org\mockito\mockito-core\5.11.0\mockito-core-5.11.0.jar  C:\Users\pchikkag\.m2\repository\net\bytebuddy\byte-buddy-agent\1.14.19\byte-buddy-agent-1.14.19.jar  C:\Users\pchikkag\.m2\repository\org\objenesis\objenesis\3.3\objenesis-3.3.jar  C:\Users\pchikkag\.m2\repository\org\mockito\mockito-junit-jupiter\5.11.0\mockito-junit-jupiter-5.11.0.jar  C:\Users\pchikkag\.m2\repository\org\skyscreamer\jsonassert\1.5.3\jsonassert-1.5.3.jar  C:\Users\pchikkag\.m2\repository\com\vaadin\external\google\android-json\0.0.20131108.vaadin1\android-json-0.0.20131108.vaadin1.jar  C:\Users\pchikkag\.m2\repository\org\springframework\spring-core\6.1.15\spring-core-6.1.15.jar  C:\Users\pchikkag\.m2\repository\org\springframework\spring-jcl\6.1.15\spring-jcl-6.1.15.jar  C:\Users\pchikkag\.m2\repository\org\springframework\spring-test\6.1.15\spring-test-6.1.15.jar  C:\Users\pchikkag\.m2\repository\org\xmlunit\xmlunit-core\2.9.1\xmlunit-core-2.9.1.jar  C:\Users\pchikkag\.m2\repository\org\springframework\security\spring-security-test\6.3.5\spring-security-test-6.3.5.jar  C:\Users\pchikkag\.m2\repository\org\springframework\security\spring-security-core\6.3.5\spring-security-core-6.3.5.jar  C:\Users\pchikkag\.m2\repository\org\springframework\security\spring-security-crypto\6.3.5\spring-security-crypto-6.3.5.jar
[DEBUG] provider classpath:  C:\Users\pchikkag\.m2\repository\org\apache\maven\surefire\surefire-junit-platform\3.2.5\surefire-junit-platform-3.2.5.jar  C:\Users\pchikkag\.m2\repository\org\apache\maven\surefire\surefire-api\3.2.5\surefire-api-3.2.5.jar  C:\Users\pchikkag\.m2\repository\org\apache\maven\surefire\surefire-logger-api\3.2.5\surefire-logger-api-3.2.5.jar  C:\Users\pchikkag\.m2\repository\org\apache\maven\surefire\surefire-shared-utils\3.2.5\surefire-shared-utils-3.2.5.jar  C:\Users\pchikkag\.m2\repository\org\apache\maven\surefire\common-java5\3.2.5\common-java5-3.2.5.jar  C:\Users\pchikkag\.m2\repository\org\junit\platform\junit-platform-launcher\1.10.5\junit-platform-launcher-1.10.5.jar
[DEBUG] test(compact) classpath:  test-classes  classes  spring-boot-starter-data-jpa-3.3.6.jar  spring-boot-starter-aop-3.3.6.jar  aspectjweaver-1.9.22.1.jar  spring-boot-starter-jdbc-3.3.6.jar  HikariCP-5.1.0.jar  spring-jdbc-6.1.15.jar  hibernate-core-6.5.3.Final.jar  jakarta.persistence-api-3.1.0.jar  jakarta.transaction-api-2.0.1.jar  jboss-logging-3.5.3.Final.jar  hibernate-commons-annotations-6.0.6.Final.jar  jandex-3.1.2.jar  classmate-1.7.0.jar  byte-buddy-1.14.19.jar  jaxb-runtime-4.0.5.jar  jaxb-core-4.0.5.jar  angus-activation-2.0.2.jar  txw2-4.0.5.jar  istack-commons-runtime-4.1.2.jar  jakarta.inject-api-2.0.1.jar  antlr4-runtime-4.13.0.jar  spring-data-jpa-3.3.6.jar  spring-data-commons-3.3.6.jar  spring-orm-6.1.15.jar  spring-context-6.1.15.jar  spring-tx-6.1.15.jar  spring-beans-6.1.15.jar  jakarta.annotation-api-2.1.1.jar  slf4j-api-2.0.16.jar  spring-aspects-6.1.15.jar  spring-boot-starter-security-3.3.6.jar  spring-boot-starter-3.3.6.jar  spring-boot-starter-logging-3.3.6.jar  logback-classic-1.5.12.jar  logback-core-1.5.12.jar  log4j-to-slf4j-2.23.1.jar  log4j-api-2.23.1.jar  jul-to-slf4j-2.0.16.jar  snakeyaml-2.2.jar  spring-aop-6.1.15.jar  spring-security-config-6.3.5.jar  spring-security-web-6.3.5.jar  spring-expression-6.1.15.jar  spring-boot-starter-validation-3.3.6.jar  tomcat-embed-el-10.1.33.jar  hibernate-validator-8.0.1.Final.jar  jakarta.validation-api-3.0.2.jar  spring-boot-starter-web-3.3.6.jar  spring-boot-starter-json-3.3.6.jar  jackson-datatype-jdk8-2.17.3.jar  jackson-datatype-jsr310-2.17.3.jar  jackson-module-parameter-names-2.17.3.jar  spring-boot-starter-tomcat-3.3.6.jar  tomcat-embed-core-10.1.33.jar  tomcat-embed-websocket-10.1.33.jar  spring-web-6.1.15.jar  micrometer-observation-1.13.8.jar  micrometer-commons-1.13.8.jar  spring-webmvc-6.1.15.jar  spring-cloud-starter-netflix-eureka-client-4.1.3.jar  spring-cloud-starter-4.1.4.jar  spring-cloud-context-4.1.4.jar  spring-cloud-commons-4.1.4.jar  spring-security-rsa-1.1.3.jar  bcprov-jdk18on-1.78.jar  spring-cloud-netflix-eureka-client-4.1.3.jar  httpclient5-5.3.1.jar  httpcore5-5.2.5.jar  httpcore5-h2-5.2.5.jar  eureka-client-2.0.3.jar  xstream-1.4.20.jar  mxparser-1.2.2.jar  xmlpull-1.1.3.1.jar  jakarta.ws.rs-api-3.1.0.jar  spectator-api-1.7.3.jar  httpclient-4.5.3.jar  httpcore-4.4.16.jar  commons-codec-1.16.1.jar  commons-configuration-1.10.jar  commons-lang-2.6.jar  jackson-annotations-2.17.3.jar  jackson-core-2.17.3.jar  netflix-eventbus-0.3.0.jar  netflix-infix-0.3.0.jar  commons-jxpath-1.3.jar  joda-time-2.3.jar  antlr-runtime-3.4.jar  stringtemplate-3.2.1.jar  antlr-2.7.7.jar  gson-2.10.1.jar  servo-core-0.5.3.jar  commons-math-2.2.jar  javax.annotation-api-1.2.jar  jettison-1.5.4.jar  eureka-core-2.0.3.jar  woodstox-core-6.2.1.jar  stax2-api-4.2.1.jar  guava-33.0.0-jre.jar  failureaccess-1.0.2.jar  listenablefuture-9999.0-empty-to-avoid-conflict-with-guava.jar  checker-qual-3.41.0.jar  error_prone_annotations-2.23.0.jar  j2objc-annotations-2.8.jar  spring-cloud-starter-loadbalancer-4.1.4.jar  spring-cloud-loadbalancer-4.1.4.jar  reactor-core-3.6.12.jar  reactive-streams-1.0.4.jar  reactor-extra-3.5.2.jar  spring-boot-starter-cache-3.3.6.jar  spring-context-support-6.1.15.jar  evictor-1.0.0.jar  spring-boot-devtools-3.3.6.jar  spring-boot-3.3.6.jar  spring-boot-autoconfigure-3.3.6.jar  mysql-connector-j-8.3.0.jar  lombok-1.18.36.jar  jjwt-api-0.11.5.jar  jjwt-impl-0.11.5.jar  jjwt-jackson-0.11.5.jar  jackson-databind-2.17.3.jar  spring-boot-starter-test-3.3.6.jar  spring-boot-test-3.3.6.jar  spring-boot-test-autoconfigure-3.3.6.jar  json-path-2.9.0.jar  jakarta.xml.bind-api-4.0.2.jar  jakarta.activation-api-2.1.3.jar  json-smart-2.5.1.jar  accessors-smart-2.5.1.jar  asm-9.6.jar  assertj-core-3.25.3.jar  awaitility-4.2.2.jar  hamcrest-2.2.jar  junit-jupiter-5.10.5.jar  junit-jupiter-api-5.10.5.jar  opentest4j-1.3.0.jar  junit-platform-commons-1.10.5.jar  apiguardian-api-1.1.2.jar  junit-jupiter-params-5.10.5.jar  junit-jupiter-engine-5.10.5.jar  junit-platform-engine-1.10.5.jar  mockito-core-5.11.0.jar  byte-buddy-agent-1.14.19.jar  objenesis-3.3.jar  mockito-junit-jupiter-5.11.0.jar  jsonassert-1.5.3.jar  android-json-0.0.20131108.vaadin1.jar  spring-core-6.1.15.jar  spring-jcl-6.1.15.jar  spring-test-6.1.15.jar  xmlunit-core-2.9.1.jar  spring-security-test-6.3.5.jar  spring-security-core-6.3.5.jar  spring-security-crypto-6.3.5.jar
[DEBUG] provider(compact) classpath:  surefire-junit-platform-3.2.5.jar  surefire-api-3.2.5.jar  surefire-logger-api-3.2.5.jar  surefire-shared-utils-3.2.5.jar  common-java5-3.2.5.jar  junit-platform-launcher-1.10.5.jar
[DEBUG] in-process classpath:  C:\Users\pchikkag\.m2\repository\org\apache\maven\surefire\surefire-junit-platform\3.2.5\surefire-junit-platform-3.2.5.jar  C:\Users\pchikkag\.m2\repository\org\apache\maven\surefire\surefire-api\3.2.5\surefire-api-3.2.5.jar  C:\Users\pchikkag\.m2\repository\org\apache\maven\surefire\surefire-logger-api\3.2.5\surefire-logger-api-3.2.5.jar  C:\Users\pchikkag\.m2\repository\org\apache\maven\surefire\surefire-shared-utils\3.2.5\surefire-shared-utils-3.2.5.jar  C:\Users\pchikkag\.m2\repository\org\apache\maven\surefire\common-java5\3.2.5\common-java5-3.2.5.jar  C:\Users\pchikkag\.m2\repository\org\junit\platform\junit-platform-launcher\1.10.5\junit-platform-launcher-1.10.5.jar  C:\Users\pchikkag\.m2\repository\org\apache\maven\surefire\maven-surefire-common\3.2.5\maven-surefire-common-3.2.5.jar  C:\Users\pchikkag\.m2\repository\org\apache\maven\surefire\surefire-booter\3.2.5\surefire-booter-3.2.5.jar  C:\Users\pchikkag\.m2\repository\org\apache\maven\surefire\surefire-extensions-api\3.2.5\surefire-extensions-api-3.2.5.jar  C:\Users\pchikkag\.m2\repository\org\apache\maven\surefire\surefire-extensions-spi\3.2.5\surefire-extensions-spi-3.2.5.jar
[DEBUG] in-process(compact) classpath:  surefire-junit-platform-3.2.5.jar  surefire-api-3.2.5.jar  surefire-logger-api-3.2.5.jar  surefire-shared-utils-3.2.5.jar  common-java5-3.2.5.jar  junit-platform-launcher-1.10.5.jar  maven-surefire-common-3.2.5.jar  surefire-booter-3.2.5.jar  surefire-extensions-api-3.2.5.jar  surefire-extensions-spi-3.2.5.jar
[INFO] 
[INFO] -------------------------------------------------------
[INFO]  T E S T S
[INFO] -------------------------------------------------------
[DEBUG] Determined Maven Process ID 29756
[DEBUG] Fork Channel [1] connection string 'pipe://1' for the implementation class org.apache.maven.plugin.surefire.extensions.LegacyForkChannel
[DEBUG] boot classpath:  C:\Users\pchikkag\.m2\repository\org\apache\maven\surefire\surefire-booter\3.2.5\surefire-booter-3.2.5.jar  C:\Users\pchikkag\.m2\repository\org\apache\maven\surefire\surefire-api\3.2.5\surefire-api-3.2.5.jar  C:\Users\pchikkag\.m2\repository\org\apache\maven\surefire\surefire-logger-api\3.2.5\surefire-logger-api-3.2.5.jar  C:\Users\pchikkag\.m2\repository\org\apache\maven\surefire\surefire-shared-utils\3.2.5\surefire-shared-utils-3.2.5.jar  C:\Users\pchikkag\.m2\repository\org\apache\maven\surefire\surefire-extensions-spi\3.2.5\surefire-extensions-spi-3.2.5.jar  C:\Users\pchikkag\Documents\workspace-spring-tools-for-eclipse-5.0.1.RELEASE\SkyRoute\UserService\UserService\target\test-classes  C:\Users\pchikkag\Documents\workspace-spring-tools-for-eclipse-5.0.1.RELEASE\SkyRoute\UserService\UserService\target\classes  C:\Users\pchikkag\.m2\repository\org\springframework\boot\spring-boot-starter-data-jpa\3.3.6\spring-boot-starter-data-jpa-3.3.6.jar  C:\Users\pchikkag\.m2\repository\org\springframework\boot\spring-boot-starter-aop\3.3.6\spring-boot-starter-aop-3.3.6.jar  C:\Users\pchikkag\.m2\repository\org\aspectj\aspectjweaver\1.9.22.1\aspectjweaver-1.9.22.1.jar  C:\Users\pchikkag\.m2\repository\org\springframework\boot\spring-boot-starter-jdbc\3.3.6\spring-boot-starter-jdbc-3.3.6.jar  C:\Users\pchikkag\.m2\repository\com\zaxxer\HikariCP\5.1.0\HikariCP-5.1.0.jar  C:\Users\pchikkag\.m2\repository\org\springframework\spring-jdbc\6.1.15\spring-jdbc-6.1.15.jar  C:\Users\pchikkag\.m2\repository\org\hibernate\orm\hibernate-core\6.5.3.Final\hibernate-core-6.5.3.Final.jar  C:\Users\pchikkag\.m2\repository\jakarta\persistence\jakarta.persistence-api\3.1.0\jakarta.persistence-api-3.1.0.jar  C:\Users\pchikkag\.m2\repository\jakarta\transaction\jakarta.transaction-api\2.0.1\jakarta.transaction-api-2.0.1.jar  C:\Users\pchikkag\.m2\repository\org\jboss\logging\jboss-logging\3.5.3.Final\jboss-logging-3.5.3.Final.jar  C:\Users\pchikkag\.m2\repository\org\hibernate\common\hibernate-commons-annotations\6.0.6.Final\hibernate-commons-annotations-6.0.6.Final.jar  C:\Users\pchikkag\.m2\repository\io\smallrye\jandex\3.1.2\jandex-3.1.2.jar  C:\Users\pchikkag\.m2\repository\com\fasterxml\classmate\1.7.0\classmate-1.7.0.jar  C:\Users\pchikkag\.m2\repository\net\bytebuddy\byte-buddy\1.14.19\byte-buddy-1.14.19.jar  C:\Users\pchikkag\.m2\repository\org\glassfish\jaxb\jaxb-runtime\4.0.5\jaxb-runtime-4.0.5.jar  C:\Users\pchikkag\.m2\repository\org\glassfish\jaxb\jaxb-core\4.0.5\jaxb-core-4.0.5.jar  C:\Users\pchikkag\.m2\repository\org\eclipse\angus\angus-activation\2.0.2\angus-activation-2.0.2.jar  C:\Users\pchikkag\.m2\repository\org\glassfish\jaxb\txw2\4.0.5\txw2-4.0.5.jar  C:\Users\pchikkag\.m2\repository\com\sun\istack\istack-commons-runtime\4.1.2\istack-commons-runtime-4.1.2.jar  C:\Users\pchikkag\.m2\repository\jakarta\inject\jakarta.inject-api\2.0.1\jakarta.inject-api-2.0.1.jar  C:\Users\pchikkag\.m2\repository\org\antlr\antlr4-runtime\4.13.0\antlr4-runtime-4.13.0.jar  C:\Users\pchikkag\.m2\repository\org\springframework\data\spring-data-jpa\3.3.6\spring-data-jpa-3.3.6.jar  C:\Users\pchikkag\.m2\repository\org\springframework\data\spring-data-commons\3.3.6\spring-data-commons-3.3.6.jar  C:\Users\pchikkag\.m2\repository\org\springframework\spring-orm\6.1.15\spring-orm-6.1.15.jar  C:\Users\pchikkag\.m2\repository\org\springframework\spring-context\6.1.15\spring-context-6.1.15.jar  C:\Users\pchikkag\.m2\repository\org\springframework\spring-tx\6.1.15\spring-tx-6.1.15.jar  C:\Users\pchikkag\.m2\repository\org\springframework\spring-beans\6.1.15\spring-beans-6.1.15.jar  C:\Users\pchikkag\.m2\repository\jakarta\annotation\jakarta.annotation-api\2.1.1\jakarta.annotation-api-2.1.1.jar  C:\Users\pchikkag\.m2\repository\org\slf4j\slf4j-api\2.0.16\slf4j-api-2.0.16.jar  C:\Users\pchikkag\.m2\repository\org\springframework\spring-aspects\6.1.15\spring-aspects-6.1.15.jar  C:\Users\pchikkag\.m2\repository\org\springframework\boot\spring-boot-starter-security\3.3.6\spring-boot-starter-security-3.3.6.jar  C:\Users\pchikkag\.m2\repository\org\springframework\boot\spring-boot-starter\3.3.6\spring-boot-starter-3.3.6.jar  C:\Users\pchikkag\.m2\repository\org\springframework\boot\spring-boot-starter-logging\3.3.6\spring-boot-starter-logging-3.3.6.jar  C:\Users\pchikkag\.m2\repository\ch\qos\logback\logback-classic\1.5.12\logback-classic-1.5.12.jar  C:\Users\pchikkag\.m2\repository\ch\qos\logback\logback-core\1.5.12\logback-core-1.5.12.jar  C:\Users\pchikkag\.m2\repository\org\apache\logging\log4j\log4j-to-slf4j\2.23.1\log4j-to-slf4j-2.23.1.jar  C:\Users\pchikkag\.m2\repository\org\apache\logging\log4j\log4j-api\2.23.1\log4j-api-2.23.1.jar  C:\Users\pchikkag\.m2\repository\org\slf4j\jul-to-slf4j\2.0.16\jul-to-slf4j-2.0.16.jar  C:\Users\pchikkag\.m2\repository\org\yaml\snakeyaml\2.2\snakeyaml-2.2.jar  C:\Users\pchikkag\.m2\repository\org\springframework\spring-aop\6.1.15\spring-aop-6.1.15.jar  C:\Users\pchikkag\.m2\repository\org\springframework\security\spring-security-config\6.3.5\spring-security-config-6.3.5.jar  C:\Users\pchikkag\.m2\repository\org\springframework\security\spring-security-web\6.3.5\spring-security-web-6.3.5.jar  C:\Users\pchikkag\.m2\repository\org\springframework\spring-expression\6.1.15\spring-expression-6.1.15.jar  C:\Users\pchikkag\.m2\repository\org\springframework\boot\spring-boot-starter-validation\3.3.6\spring-boot-starter-validation-3.3.6.jar  C:\Users\pchikkag\.m2\repository\org\apache\tomcat\embed\tomcat-embed-el\10.1.33\tomcat-embed-el-10.1.33.jar  C:\Users\pchikkag\.m2\repository\org\hibernate\validator\hibernate-validator\8.0.1.Final\hibernate-validator-8.0.1.Final.jar  C:\Users\pchikkag\.m2\repository\jakarta\validation\jakarta.validation-api\3.0.2\jakarta.validation-api-3.0.2.jar  C:\Users\pchikkag\.m2\repository\org\springframework\boot\spring-boot-starter-web\3.3.6\spring-boot-starter-web-3.3.6.jar  C:\Users\pchikkag\.m2\repository\org\springframework\boot\spring-boot-starter-json\3.3.6\spring-boot-starter-json-3.3.6.jar  C:\Users\pchikkag\.m2\repository\com\fasterxml\jackson\datatype\jackson-datatype-jdk8\2.17.3\jackson-datatype-jdk8-2.17.3.jar  C:\Users\pchikkag\.m2\repository\com\fasterxml\jackson\datatype\jackson-datatype-jsr310\2.17.3\jackson-datatype-jsr310-2.17.3.jar  C:\Users\pchikkag\.m2\repository\com\fasterxml\jackson\module\jackson-module-parameter-names\2.17.3\jackson-module-parameter-names-2.17.3.jar  C:\Users\pchikkag\.m2\repository\org\springframework\boot\spring-boot-starter-tomcat\3.3.6\spring-boot-starter-tomcat-3.3.6.jar  C:\Users\pchikkag\.m2\repository\org\apache\tomcat\embed\tomcat-embed-core\10.1.33\tomcat-embed-core-10.1.33.jar  C:\Users\pchikkag\.m2\repository\org\apache\tomcat\embed\tomcat-embed-websocket\10.1.33\tomcat-embed-websocket-10.1.33.jar  C:\Users\pchikkag\.m2\repository\org\springframework\spring-web\6.1.15\spring-web-6.1.15.jar  C:\Users\pchikkag\.m2\repository\io\micrometer\micrometer-observation\1.13.8\micrometer-observation-1.13.8.jar  C:\Users\pchikkag\.m2\repository\io\micrometer\micrometer-commons\1.13.8\micrometer-commons-1.13.8.jar  C:\Users\pchikkag\.m2\repository\org\springframework\spring-webmvc\6.1.15\spring-webmvc-6.1.15.jar  C:\Users\pchikkag\.m2\repository\org\springframework\cloud\spring-cloud-starter-netflix-eureka-client\4.1.3\spring-cloud-starter-netflix-eureka-client-4.1.3.jar  C:\Users\pchikkag\.m2\repository\org\springframework\cloud\spring-cloud-starter\4.1.4\spring-cloud-starter-4.1.4.jar  C:\Users\pchikkag\.m2\repository\org\springframework\cloud\spring-cloud-context\4.1.4\spring-cloud-context-4.1.4.jar  C:\Users\pchikkag\.m2\repository\org\springframework\cloud\spring-cloud-commons\4.1.4\spring-cloud-commons-4.1.4.jar  C:\Users\pchikkag\.m2\repository\org\springframework\security\spring-security-rsa\1.1.3\spring-security-rsa-1.1.3.jar  C:\Users\pchikkag\.m2\repository\org\bouncycastle\bcprov-jdk18on\1.78\bcprov-jdk18on-1.78.jar  C:\Users\pchikkag\.m2\repository\org\springframework\cloud\spring-cloud-netflix-eureka-client\4.1.3\spring-cloud-netflix-eureka-client-4.1.3.jar  C:\Users\pchikkag\.m2\repository\org\apache\httpcomponents\client5\httpclient5\5.3.1\httpclient5-5.3.1.jar  C:\Users\pchikkag\.m2\repository\org\apache\httpcomponents\core5\httpcore5\5.2.5\httpcore5-5.2.5.jar  C:\Users\pchikkag\.m2\repository\org\apache\httpcomponents\core5\httpcore5-h2\5.2.5\httpcore5-h2-5.2.5.jar  C:\Users\pchikkag\.m2\repository\com\netflix\eureka\eureka-client\2.0.3\eureka-client-2.0.3.jar  C:\Users\pchikkag\.m2\repository\com\thoughtworks\xstream\xstream\1.4.20\xstream-1.4.20.jar  C:\Users\pchikkag\.m2\repository\io\github\x-stream\mxparser\1.2.2\mxparser-1.2.2.jar  C:\Users\pchikkag\.m2\repository\xmlpull\xmlpull\1.1.3.1\xmlpull-1.1.3.1.jar  C:\Users\pchikkag\.m2\repository\jakarta\ws\rs\jakarta.ws.rs-api\3.1.0\jakarta.ws.rs-api-3.1.0.jar  C:\Users\pchikkag\.m2\repository\com\netflix\spectator\spectator-api\1.7.3\spectator-api-1.7.3.jar  C:\Users\pchikkag\.m2\repository\org\apache\httpcomponents\httpclient\4.5.3\httpclient-4.5.3.jar  C:\Users\pchikkag\.m2\repository\org\apache\httpcomponents\httpcore\4.4.16\httpcore-4.4.16.jar  C:\Users\pchikkag\.m2\repository\commons-codec\commons-codec\1.16.1\commons-codec-1.16.1.jar  C:\Users\pchikkag\.m2\repository\commons-configuration\commons-configuration\1.10\commons-configuration-1.10.jar  C:\Users\pchikkag\.m2\repository\commons-lang\commons-lang\2.6\commons-lang-2.6.jar  C:\Users\pchikkag\.m2\repository\com\fasterxml\jackson\core\jackson-annotations\2.17.3\jackson-annotations-2.17.3.jar  C:\Users\pchikkag\.m2\repository\com\fasterxml\jackson\core\jackson-core\2.17.3\jackson-core-2.17.3.jar  C:\Users\pchikkag\.m2\repository\com\netflix\netflix-commons\netflix-eventbus\0.3.0\netflix-eventbus-0.3.0.jar  C:\Users\pchikkag\.m2\repository\com\netflix\netflix-commons\netflix-infix\0.3.0\netflix-infix-0.3.0.jar  C:\Users\pchikkag\.m2\repository\commons-jxpath\commons-jxpath\1.3\commons-jxpath-1.3.jar  C:\Users\pchikkag\.m2\repository\joda-time\joda-time\2.3\joda-time-2.3.jar  C:\Users\pchikkag\.m2\repository\org\antlr\antlr-runtime\3.4\antlr-runtime-3.4.jar  C:\Users\pchikkag\.m2\repository\org\antlr\stringtemplate\3.2.1\stringtemplate-3.2.1.jar  C:\Users\pchikkag\.m2\repository\antlr\antlr\2.7.7\antlr-2.7.7.jar  C:\Users\pchikkag\.m2\repository\com\google\code\gson\gson\2.10.1\gson-2.10.1.jar  C:\Users\pchikkag\.m2\repository\com\netflix\servo\servo-core\0.5.3\servo-core-0.5.3.jar  C:\Users\pchikkag\.m2\repository\org\apache\commons\commons-math\2.2\commons-math-2.2.jar  C:\Users\pchikkag\.m2\repository\javax\annotation\javax.annotation-api\1.2\javax.annotation-api-1.2.jar  C:\Users\pchikkag\.m2\repository\org\codehaus\jettison\jettison\1.5.4\jettison-1.5.4.jar  C:\Users\pchikkag\.m2\repository\com\netflix\eureka\eureka-core\2.0.3\eureka-core-2.0.3.jar  C:\Users\pchikkag\.m2\repository\com\fasterxml\woodstox\woodstox-core\6.2.1\woodstox-core-6.2.1.jar  C:\Users\pchikkag\.m2\repository\org\codehaus\woodstox\stax2-api\4.2.1\stax2-api-4.2.1.jar  C:\Users\pchikkag\.m2\repository\com\google\guava\guava\33.0.0-jre\guava-33.0.0-jre.jar  C:\Users\pchikkag\.m2\repository\com\google\guava\failureaccess\1.0.2\failureaccess-1.0.2.jar  C:\Users\pchikkag\.m2\repository\com\google\guava\listenablefuture\9999.0-empty-to-avoid-conflict-with-guava\listenablefuture-9999.0-empty-to-avoid-conflict-with-guava.jar  C:\Users\pchikkag\.m2\repository\org\checkerframework\checker-qual\3.41.0\checker-qual-3.41.0.jar  C:\Users\pchikkag\.m2\repository\com\google\errorprone\error_prone_annotations\2.23.0\error_prone_annotations-2.23.0.jar  C:\Users\pchikkag\.m2\repository\com\google\j2objc\j2objc-annotations\2.8\j2objc-annotations-2.8.jar  C:\Users\pchikkag\.m2\repository\org\springframework\cloud\spring-cloud-starter-loadbalancer\4.1.4\spring-cloud-starter-loadbalancer-4.1.4.jar  C:\Users\pchikkag\.m2\repository\org\springframework\cloud\spring-cloud-loadbalancer\4.1.4\spring-cloud-loadbalancer-4.1.4.jar  C:\Users\pchikkag\.m2\repository\io\projectreactor\reactor-core\3.6.12\reactor-core-3.6.12.jar  C:\Users\pchikkag\.m2\repository\org\reactivestreams\reactive-streams\1.0.4\reactive-streams-1.0.4.jar  C:\Users\pchikkag\.m2\repository\io\projectreactor\addons\reactor-extra\3.5.2\reactor-extra-3.5.2.jar  C:\Users\pchikkag\.m2\repository\org\springframework\boot\spring-boot-starter-cache\3.3.6\spring-boot-starter-cache-3.3.6.jar  C:\Users\pchikkag\.m2\repository\org\springframework\spring-context-support\6.1.15\spring-context-support-6.1.15.jar  C:\Users\pchikkag\.m2\repository\com\stoyanr\evictor\1.0.0\evictor-1.0.0.jar  C:\Users\pchikkag\.m2\repository\org\springframework\boot\spring-boot-devtools\3.3.6\spring-boot-devtools-3.3.6.jar  C:\Users\pchikkag\.m2\repository\org\springframework\boot\spring-boot\3.3.6\spring-boot-3.3.6.jar  C:\Users\pchikkag\.m2\repository\org\springframework\boot\spring-boot-autoconfigure\3.3.6\spring-boot-autoconfigure-3.3.6.jar  C:\Users\pchikkag\.m2\repository\com\mysql\mysql-connector-j\8.3.0\mysql-connector-j-8.3.0.jar  C:\Users\pchikkag\.m2\repository\org\projectlombok\lombok\1.18.36\lombok-1.18.36.jar  C:\Users\pchikkag\.m2\repository\io\jsonwebtoken\jjwt-api\0.11.5\jjwt-api-0.11.5.jar  C:\Users\pchikkag\.m2\repository\io\jsonwebtoken\jjwt-impl\0.11.5\jjwt-impl-0.11.5.jar  C:\Users\pchikkag\.m2\repository\io\jsonwebtoken\jjwt-jackson\0.11.5\jjwt-jackson-0.11.5.jar  C:\Users\pchikkag\.m2\repository\com\fasterxml\jackson\core\jackson-databind\2.17.3\jackson-databind-2.17.3.jar  C:\Users\pchikkag\.m2\repository\org\springframework\boot\spring-boot-starter-test\3.3.6\spring-boot-starter-test-3.3.6.jar  C:\Users\pchikkag\.m2\repository\org\springframework\boot\spring-boot-test\3.3.6\spring-boot-test-3.3.6.jar  C:\Users\pchikkag\.m2\repository\org\springframework\boot\spring-boot-test-autoconfigure\3.3.6\spring-boot-test-autoconfigure-3.3.6.jar  C:\Users\pchikkag\.m2\repository\com\jayway\jsonpath\json-path\2.9.0\json-path-2.9.0.jar  C:\Users\pchikkag\.m2\repository\jakarta\xml\bind\jakarta.xml.bind-api\4.0.2\jakarta.xml.bind-api-4.0.2.jar  C:\Users\pchikkag\.m2\repository\jakarta\activation\jakarta.activation-api\2.1.3\jakarta.activation-api-2.1.3.jar  C:\Users\pchikkag\.m2\repository\net\minidev\json-smart\2.5.1\json-smart-2.5.1.jar  C:\Users\pchikkag\.m2\repository\net\minidev\accessors-smart\2.5.1\accessors-smart-2.5.1.jar  C:\Users\pchikkag\.m2\repository\org\ow2\asm\asm\9.6\asm-9.6.jar  C:\Users\pchikkag\.m2\repository\org\assertj\assertj-core\3.25.3\assertj-core-3.25.3.jar  C:\Users\pchikkag\.m2\repository\org\awaitility\awaitility\4.2.2\awaitility-4.2.2.jar  C:\Users\pchikkag\.m2\repository\org\hamcrest\hamcrest\2.2\hamcrest-2.2.jar  C:\Users\pchikkag\.m2\repository\org\junit\jupiter\junit-jupiter\5.10.5\junit-jupiter-5.10.5.jar  C:\Users\pchikkag\.m2\repository\org\junit\jupiter\junit-jupiter-api\5.10.5\junit-jupiter-api-5.10.5.jar  C:\Users\pchikkag\.m2\repository\org\opentest4j\opentest4j\1.3.0\opentest4j-1.3.0.jar  C:\Users\pchikkag\.m2\repository\org\junit\platform\junit-platform-commons\1.10.5\junit-platform-commons-1.10.5.jar  C:\Users\pchikkag\.m2\repository\org\apiguardian\apiguardian-api\1.1.2\apiguardian-api-1.1.2.jar  C:\Users\pchikkag\.m2\repository\org\junit\jupiter\junit-jupiter-params\5.10.5\junit-jupiter-params-5.10.5.jar  C:\Users\pchikkag\.m2\repository\org\junit\jupiter\junit-jupiter-engine\5.10.5\junit-jupiter-engine-5.10.5.jar  C:\Users\pchikkag\.m2\repository\org\junit\platform\junit-platform-engine\1.10.5\junit-platform-engine-1.10.5.jar  C:\Users\pchikkag\.m2\repository\org\mockito\mockito-core\5.11.0\mockito-core-5.11.0.jar  C:\Users\pchikkag\.m2\repository\net\bytebuddy\byte-buddy-agent\1.14.19\byte-buddy-agent-1.14.19.jar  C:\Users\pchikkag\.m2\repository\org\objenesis\objenesis\3.3\objenesis-3.3.jar  C:\Users\pchikkag\.m2\repository\org\mockito\mockito-junit-jupiter\5.11.0\mockito-junit-jupiter-5.11.0.jar  C:\Users\pchikkag\.m2\repository\org\skyscreamer\jsonassert\1.5.3\jsonassert-1.5.3.jar  C:\Users\pchikkag\.m2\repository\com\vaadin\external\google\android-json\0.0.20131108.vaadin1\android-json-0.0.20131108.vaadin1.jar  C:\Users\pchikkag\.m2\repository\org\springframework\spring-core\6.1.15\spring-core-6.1.15.jar  C:\Users\pchikkag\.m2\repository\org\springframework\spring-jcl\6.1.15\spring-jcl-6.1.15.jar  C:\Users\pchikkag\.m2\repository\org\springframework\spring-test\6.1.15\spring-test-6.1.15.jar  C:\Users\pchikkag\.m2\repository\org\xmlunit\xmlunit-core\2.9.1\xmlunit-core-2.9.1.jar  C:\Users\pchikkag\.m2\repository\org\springframework\security\spring-security-test\6.3.5\spring-security-test-6.3.5.jar  C:\Users\pchikkag\.m2\repository\org\springframework\security\spring-security-core\6.3.5\spring-security-core-6.3.5.jar  C:\Users\pchikkag\.m2\repository\org\springframework\security\spring-security-crypto\6.3.5\spring-security-crypto-6.3.5.jar  C:\Users\pchikkag\.m2\repository\org\apache\maven\surefire\surefire-junit-platform\3.2.5\surefire-junit-platform-3.2.5.jar  C:\Users\pchikkag\.m2\repository\org\apache\maven\surefire\common-java5\3.2.5\common-java5-3.2.5.jar  C:\Users\pchikkag\.m2\repository\org\junit\platform\junit-platform-launcher\1.10.5\junit-platform-launcher-1.10.5.jar
[DEBUG] boot(compact) classpath:  surefire-booter-3.2.5.jar  surefire-api-3.2.5.jar  surefire-logger-api-3.2.5.jar  surefire-shared-utils-3.2.5.jar  surefire-extensions-spi-3.2.5.jar  test-classes  classes  spring-boot-starter-data-jpa-3.3.6.jar  spring-boot-starter-aop-3.3.6.jar  aspectjweaver-1.9.22.1.jar  spring-boot-starter-jdbc-3.3.6.jar  HikariCP-5.1.0.jar  spring-jdbc-6.1.15.jar  hibernate-core-6.5.3.Final.jar  jakarta.persistence-api-3.1.0.jar  jakarta.transaction-api-2.0.1.jar  jboss-logging-3.5.3.Final.jar  hibernate-commons-annotations-6.0.6.Final.jar  jandex-3.1.2.jar  classmate-1.7.0.jar  byte-buddy-1.14.19.jar  jaxb-runtime-4.0.5.jar  jaxb-core-4.0.5.jar  angus-activation-2.0.2.jar  txw2-4.0.5.jar  istack-commons-runtime-4.1.2.jar  jakarta.inject-api-2.0.1.jar  antlr4-runtime-4.13.0.jar  spring-data-jpa-3.3.6.jar  spring-data-commons-3.3.6.jar  spring-orm-6.1.15.jar  spring-context-6.1.15.jar  spring-tx-6.1.15.jar  spring-beans-6.1.15.jar  jakarta.annotation-api-2.1.1.jar  slf4j-api-2.0.16.jar  spring-aspects-6.1.15.jar  spring-boot-starter-security-3.3.6.jar  spring-boot-starter-3.3.6.jar  spring-boot-starter-logging-3.3.6.jar  logback-classic-1.5.12.jar  logback-core-1.5.12.jar  log4j-to-slf4j-2.23.1.jar  log4j-api-2.23.1.jar  jul-to-slf4j-2.0.16.jar  snakeyaml-2.2.jar  spring-aop-6.1.15.jar  spring-security-config-6.3.5.jar  spring-security-web-6.3.5.jar  spring-expression-6.1.15.jar  spring-boot-starter-validation-3.3.6.jar  tomcat-embed-el-10.1.33.jar  hibernate-validator-8.0.1.Final.jar  jakarta.validation-api-3.0.2.jar  spring-boot-starter-web-3.3.6.jar  spring-boot-starter-json-3.3.6.jar  jackson-datatype-jdk8-2.17.3.jar  jackson-datatype-jsr310-2.17.3.jar  jackson-module-parameter-names-2.17.3.jar  spring-boot-starter-tomcat-3.3.6.jar  tomcat-embed-core-10.1.33.jar  tomcat-embed-websocket-10.1.33.jar  spring-web-6.1.15.jar  micrometer-observation-1.13.8.jar  micrometer-commons-1.13.8.jar  spring-webmvc-6.1.15.jar  spring-cloud-starter-netflix-eureka-client-4.1.3.jar  spring-cloud-starter-4.1.4.jar  spring-cloud-context-4.1.4.jar  spring-cloud-commons-4.1.4.jar  spring-security-rsa-1.1.3.jar  bcprov-jdk18on-1.78.jar  spring-cloud-netflix-eureka-client-4.1.3.jar  httpclient5-5.3.1.jar  httpcore5-5.2.5.jar  httpcore5-h2-5.2.5.jar  eureka-client-2.0.3.jar  xstream-1.4.20.jar  mxparser-1.2.2.jar  xmlpull-1.1.3.1.jar  jakarta.ws.rs-api-3.1.0.jar  spectator-api-1.7.3.jar  httpclient-4.5.3.jar  httpcore-4.4.16.jar  commons-codec-1.16.1.jar  commons-configuration-1.10.jar  commons-lang-2.6.jar  jackson-annotations-2.17.3.jar  jackson-core-2.17.3.jar  netflix-eventbus-0.3.0.jar  netflix-infix-0.3.0.jar  commons-jxpath-1.3.jar  joda-time-2.3.jar  antlr-runtime-3.4.jar  stringtemplate-3.2.1.jar  antlr-2.7.7.jar  gson-2.10.1.jar  servo-core-0.5.3.jar  commons-math-2.2.jar  javax.annotation-api-1.2.jar  jettison-1.5.4.jar  eureka-core-2.0.3.jar  woodstox-core-6.2.1.jar  stax2-api-4.2.1.jar  guava-33.0.0-jre.jar  failureaccess-1.0.2.jar  listenablefuture-9999.0-empty-to-avoid-conflict-with-guava.jar  checker-qual-3.41.0.jar  error_prone_annotations-2.23.0.jar  j2objc-annotations-2.8.jar  spring-cloud-starter-loadbalancer-4.1.4.jar  spring-cloud-loadbalancer-4.1.4.jar  reactor-core-3.6.12.jar  reactive-streams-1.0.4.jar  reactor-extra-3.5.2.jar  spring-boot-starter-cache-3.3.6.jar  spring-context-support-6.1.15.jar  evictor-1.0.0.jar  spring-boot-devtools-3.3.6.jar  spring-boot-3.3.6.jar  spring-boot-autoconfigure-3.3.6.jar  mysql-connector-j-8.3.0.jar  lombok-1.18.36.jar  jjwt-api-0.11.5.jar  jjwt-impl-0.11.5.jar  jjwt-jackson-0.11.5.jar  jackson-databind-2.17.3.jar  spring-boot-starter-test-3.3.6.jar  spring-boot-test-3.3.6.jar  spring-boot-test-autoconfigure-3.3.6.jar  json-path-2.9.0.jar  jakarta.xml.bind-api-4.0.2.jar  jakarta.activation-api-2.1.3.jar  json-smart-2.5.1.jar  accessors-smart-2.5.1.jar  asm-9.6.jar  assertj-core-3.25.3.jar  awaitility-4.2.2.jar  hamcrest-2.2.jar  junit-jupiter-5.10.5.jar  junit-jupiter-api-5.10.5.jar  opentest4j-1.3.0.jar  junit-platform-commons-1.10.5.jar  apiguardian-api-1.1.2.jar  junit-jupiter-params-5.10.5.jar  junit-jupiter-engine-5.10.5.jar  junit-platform-engine-1.10.5.jar  mockito-core-5.11.0.jar  byte-buddy-agent-1.14.19.jar  objenesis-3.3.jar  mockito-junit-jupiter-5.11.0.jar  jsonassert-1.5.3.jar  android-json-0.0.20131108.vaadin1.jar  spring-core-6.1.15.jar  spring-jcl-6.1.15.jar  spring-test-6.1.15.jar  xmlunit-core-2.9.1.jar  spring-security-test-6.3.5.jar  spring-security-core-6.3.5.jar  spring-security-crypto-6.3.5.jar  surefire-junit-platform-3.2.5.jar  common-java5-3.2.5.jar  junit-platform-launcher-1.10.5.jar
[DEBUG] Forking command line: cmd.exe /X /C ""C:\Program Files\Eclipse Adoptium\jdk-25.0.1.8-hotspot\bin\java" -jar C:\Users\pchikkag\AppData\Local\Temp\surefire10641484799927266440\surefirebooter-20260311145049706_3.jar C:\Users\pchikkag\AppData\Local\Temp\surefire10641484799927266440 2026-03-11T14-50-49_473-jvmRun1 surefire-20260311145049706_1tmp surefire_0-20260311145049706_2tmp"
[DEBUG] Fork Channel [1] connected to the client.
[INFO] Running com.SkyRoute.UserService.UserControllerTest
14:50:51.788 [main] INFO org.springframework.test.context.support.AnnotationConfigContextLoaderUtils -- Could not detect default configuration classes for test class [com.SkyRoute.UserService.UserControllerTest]: UserControllerTest does not declare any static, non-private, non-final, nested classes annotated with @Configuration.
[ERROR] Tests run: 1, Failures: 0, Errors: 1, Skipped: 0, Time elapsed: 0.652 s <<< FAILURE! -- in com.SkyRoute.UserService.UserControllerTest
[ERROR] com.SkyRoute.UserService.UserControllerTest -- Time elapsed: 0.652 s <<< ERROR!
org.springframework.beans.factory.BeanDefinitionStoreException: Incompatible class format in file [C:\Users\pchikkag\Documents\workspace-spring-tools-for-eclipse-5.0.1.RELEASE\SkyRoute\UserService\UserService\target\classes\com\SkyRoute\UserService\UserServiceApplication.class]: set system property 'spring.classformat.ignore' to 'true' if you mean to ignore such files during classpath scanning
	at org.springframework.context.annotation.ClassPathScanningCandidateComponentProvider.scanCandidateComponents(ClassPathScanningCandidateComponentProvider.java:504)
	at org.springframework.context.annotation.ClassPathScanningCandidateComponentProvider.findCandidateComponents(ClassPathScanningCandidateComponentProvider.java:351)
	at org.springframework.boot.test.context.AnnotatedClassFinder.scanPackage(AnnotatedClassFinder.java:90)
	at org.springframework.boot.test.context.AnnotatedClassFinder.findFromPackage(AnnotatedClassFinder.java:82)
	at org.springframework.boot.test.context.AnnotatedClassFinder.findFromClass(AnnotatedClassFinder.java:68)
	at org.springframework.boot.test.context.SpringBootTestContextBootstrapper.findConfigurationClass(SpringBootTestContextBootstrapper.java:245)
	at org.springframework.boot.test.context.SpringBootTestContextBootstrapper.getOrFindConfigurationClasses(SpringBootTestContextBootstrapper.java:233)
	at org.springframework.boot.test.context.SpringBootTestContextBootstrapper.processMergedContextConfiguration(SpringBootTestContextBootstrapper.java:150)
	at org.springframework.boot.test.autoconfigure.web.servlet.WebMvcTestContextBootstrapper.processMergedContextConfiguration(WebMvcTestContextBootstrapper.java:36)
	at org.springframework.test.context.support.AbstractTestContextBootstrapper.buildMergedContextConfiguration(AbstractTestContextBootstrapper.java:351)
	at org.springframework.test.context.support.AbstractTestContextBootstrapper.buildDefaultMergedContextConfiguration(AbstractTestContextBootstrapper.java:267)
	at org.springframework.test.context.support.AbstractTestContextBootstrapper.buildMergedContextConfiguration(AbstractTestContextBootstrapper.java:215)
	at org.springframework.test.context.support.AbstractTestContextBootstrapper.buildTestContext(AbstractTestContextBootstrapper.java:108)
	at org.springframework.boot.test.context.SpringBootTestContextBootstrapper.buildTestContext(SpringBootTestContextBootstrapper.java:111)
	at org.springframework.test.context.TestContextManager.<init>(TestContextManager.java:142)
	at org.springframework.test.context.TestContextManager.<init>(TestContextManager.java:126)
	at org.springframework.test.context.junit.jupiter.SpringExtension.getTestContextManager(SpringExtension.java:366)
	at org.springframework.test.context.junit.jupiter.SpringExtension.beforeAll(SpringExtension.java:131)
	at java.base/java.util.ArrayList.forEach(ArrayList.java:1604)
Caused by: org.springframework.core.type.classreading.ClassFormatException: ASM ClassReader failed to parse class file - probably due to a new Java class file version that is not supported yet. Consider compiling with a lower '-target' or upgrade your framework version. Affected class: file [C:\Users\pchikkag\Documents\workspace-spring-tools-for-eclipse-5.0.1.RELEASE\SkyRoute\UserService\UserService\target\classes\com\SkyRoute\UserService\UserServiceApplication.class]
	at org.springframework.core.type.classreading.SimpleMetadataReader.getClassReader(SimpleMetadataReader.java:59)
	at org.springframework.core.type.classreading.SimpleMetadataReader.<init>(SimpleMetadataReader.java:48)
	at org.springframework.core.type.classreading.SimpleMetadataReaderFactory.getMetadataReader(SimpleMetadataReaderFactory.java:103)
	at org.springframework.core.type.classreading.CachingMetadataReaderFactory.getMetadataReader(CachingMetadataReaderFactory.java:131)
	at org.springframework.context.annotation.ClassPathScanningCandidateComponentProvider.scanCandidateComponents(ClassPathScanningCandidateComponentProvider.java:470)
	... 18 more
Caused by: java.lang.IllegalArgumentException: Unsupported class file major version 69
	at org.springframework.asm.ClassReader.<init>(ClassReader.java:199)
	at org.springframework.asm.ClassReader.<init>(ClassReader.java:180)
	at org.springframework.asm.ClassReader.<init>(ClassReader.java:166)
	at org.springframework.asm.ClassReader.<init>(ClassReader.java:287)
	at org.springframework.core.type.classreading.SimpleMetadataReader.getClassReader(SimpleMetadataReader.java:56)
	... 22 more

[INFO] Running com.SkyRoute.UserService.UserServiceImplTest
14:50:52.151 [main] INFO org.springframework.test.context.support.AnnotationConfigContextLoaderUtils -- Could not detect default configuration classes for test class [com.SkyRoute.UserService.UserServiceImplTest]: UserServiceImplTest does not declare any static, non-private, non-final, nested classes annotated with @Configuration.
[ERROR] Tests run: 1, Failures: 0, Errors: 1, Skipped: 0, Time elapsed: 0.037 s <<< FAILURE! -- in com.SkyRoute.UserService.UserServiceImplTest
[ERROR] com.SkyRoute.UserService.UserServiceImplTest -- Time elapsed: 0.037 s <<< ERROR!
org.springframework.beans.factory.BeanDefinitionStoreException: Incompatible class format in file [C:\Users\pchikkag\Documents\workspace-spring-tools-for-eclipse-5.0.1.RELEASE\SkyRoute\UserService\UserService\target\classes\com\SkyRoute\UserService\UserServiceApplication.class]: set system property 'spring.classformat.ignore' to 'true' if you mean to ignore such files during classpath scanning
	at org.springframework.context.annotation.ClassPathScanningCandidateComponentProvider.scanCandidateComponents(ClassPathScanningCandidateComponentProvider.java:504)
	at org.springframework.context.annotation.ClassPathScanningCandidateComponentProvider.findCandidateComponents(ClassPathScanningCandidateComponentProvider.java:351)
	at org.springframework.boot.test.context.AnnotatedClassFinder.scanPackage(AnnotatedClassFinder.java:90)
	at org.springframework.boot.test.context.AnnotatedClassFinder.findFromPackage(AnnotatedClassFinder.java:82)
	at org.springframework.boot.test.context.AnnotatedClassFinder.findFromClass(AnnotatedClassFinder.java:68)
	at org.springframework.boot.test.context.SpringBootTestContextBootstrapper.findConfigurationClass(SpringBootTestContextBootstrapper.java:245)
	at org.springframework.boot.test.context.SpringBootTestContextBootstrapper.getOrFindConfigurationClasses(SpringBootTestContextBootstrapper.java:233)
	at org.springframework.boot.test.context.SpringBootTestContextBootstrapper.processMergedContextConfiguration(SpringBootTestContextBootstrapper.java:150)
	at org.springframework.test.context.support.AbstractTestContextBootstrapper.buildMergedContextConfiguration(AbstractTestContextBootstrapper.java:351)
	at org.springframework.test.context.support.AbstractTestContextBootstrapper.buildDefaultMergedContextConfiguration(AbstractTestContextBootstrapper.java:267)
	at org.springframework.test.context.support.AbstractTestContextBootstrapper.buildMergedContextConfiguration(AbstractTestContextBootstrapper.java:215)
	at org.springframework.test.context.support.AbstractTestContextBootstrapper.buildTestContext(AbstractTestContextBootstrapper.java:108)
	at org.springframework.boot.test.context.SpringBootTestContextBootstrapper.buildTestContext(SpringBootTestContextBootstrapper.java:111)
	at org.springframework.test.context.TestContextManager.<init>(TestContextManager.java:142)
	at org.springframework.test.context.TestContextManager.<init>(TestContextManager.java:126)
	at org.springframework.test.context.junit.jupiter.SpringExtension.getTestContextManager(SpringExtension.java:366)
	at org.springframework.test.context.junit.jupiter.SpringExtension.beforeAll(SpringExtension.java:131)
	at java.base/java.util.ArrayList.forEach(ArrayList.java:1604)
Caused by: org.springframework.core.type.classreading.ClassFormatException: ASM ClassReader failed to parse class file - probably due to a new Java class file version that is not supported yet. Consider compiling with a lower '-target' or upgrade your framework version. Affected class: file [C:\Users\pchikkag\Documents\workspace-spring-tools-for-eclipse-5.0.1.RELEASE\SkyRoute\UserService\UserService\target\classes\com\SkyRoute\UserService\UserServiceApplication.class]
	at org.springframework.core.type.classreading.SimpleMetadataReader.getClassReader(SimpleMetadataReader.java:59)
	at org.springframework.core.type.classreading.SimpleMetadataReader.<init>(SimpleMetadataReader.java:48)
	at org.springframework.core.type.classreading.SimpleMetadataReaderFactory.getMetadataReader(SimpleMetadataReaderFactory.java:103)
	at org.springframework.core.type.classreading.CachingMetadataReaderFactory.getMetadataReader(CachingMetadataReaderFactory.java:131)
	at org.springframework.context.annotation.ClassPathScanningCandidateComponentProvider.scanCandidateComponents(ClassPathScanningCandidateComponentProvider.java:470)
	... 17 more
Caused by: java.lang.IllegalArgumentException: Unsupported class file major version 69
	at org.springframework.asm.ClassReader.<init>(ClassReader.java:199)
	at org.springframework.asm.ClassReader.<init>(ClassReader.java:180)
	at org.springframework.asm.ClassReader.<init>(ClassReader.java:166)
	at org.springframework.asm.ClassReader.<init>(ClassReader.java:287)
	at org.springframework.core.type.classreading.SimpleMetadataReader.getClassReader(SimpleMetadataReader.java:56)
	... 21 more

[DEBUG] Closing the fork 1 after saying GoodBye.
[INFO] 
[INFO] Results:
[INFO] 
[ERROR] Errors: 
[ERROR]   UserControllerTest » BeanDefinitionStore Incompatible class format in file [C:\Users\pchikkag\Documents\workspace-spring-tools-for-eclipse-5.0.1.RELEASE\SkyRoute\UserService\UserService\target\classes\com\SkyRoute\UserService\UserServiceApplication.class]: set system property 'spring.classformat.ignore' to 'true' if you mean to ignore such files during classpath scanning
[ERROR]   UserServiceImplTest » BeanDefinitionStore Incompatible class format in file [C:\Users\pchikkag\Documents\workspace-spring-tools-for-eclipse-5.0.1.RELEASE\SkyRoute\UserService\UserService\target\classes\com\SkyRoute\UserService\UserServiceApplication.class]: set system property 'spring.classformat.ignore' to 'true' if you mean to ignore such files during classpath scanning
[INFO] 
[ERROR] Tests run: 2, Failures: 0, Errors: 2, Skipped: 0
[INFO] 
[INFO] ------------------------------------------------------------------------
[INFO] BUILD FAILURE
[INFO] ------------------------------------------------------------------------
[INFO] Total time:  6.247 s
[INFO] Finished at: 2026-03-11T14:50:52+05:30
[INFO] ------------------------------------------------------------------------
[ERROR] Failed to execute goal org.apache.maven.plugins:maven-surefire-plugin:3.2.5:test (default-test) on project UserService: 
[ERROR] 
[ERROR] Please refer to C:\Users\pchikkag\Documents\workspace-spring-tools-for-eclipse-5.0.1.RELEASE\SkyRoute\UserService\UserService\target\surefire-reports for the individual test results.
[ERROR] Please refer to dump files (if any exist) [date].dump, [date]-jvmRun[N].dump and [date].dumpstream.
[ERROR] -> [Help 1]
org.apache.maven.lifecycle.LifecycleExecutionException: Failed to execute goal org.apache.maven.plugins:maven-surefire-plugin:3.2.5:test (default-test) on project UserService: 

Please refer to C:\Users\pchikkag\Documents\workspace-spring-tools-for-eclipse-5.0.1.RELEASE\SkyRoute\UserService\UserService\target\surefire-reports for the individual test results.
Please refer to dump files (if any exist) [date].dump, [date]-jvmRun[N].dump and [date].dumpstream.
    at org.apache.maven.lifecycle.internal.MojoExecutor.doExecute2 (MojoExecutor.java:333)
    at org.apache.maven.lifecycle.internal.MojoExecutor.doExecute (MojoExecutor.java:316)
    at org.apache.maven.lifecycle.internal.MojoExecutor.execute (MojoExecutor.java:212)
    at org.apache.maven.lifecycle.internal.MojoExecutor.execute (MojoExecutor.java:174)
    at org.apache.maven.lifecycle.internal.MojoExecutor.access$000 (MojoExecutor.java:75)
    at org.apache.maven.lifecycle.internal.MojoExecutor$1.run (MojoExecutor.java:162)
    at org.apache.maven.plugin.DefaultMojosExecutionStrategy.execute (DefaultMojosExecutionStrategy.java:39)
    at org.apache.maven.lifecycle.internal.MojoExecutor.execute (MojoExecutor.java:159)
    at org.apache.maven.lifecycle.internal.LifecycleModuleBuilder.buildProject (LifecycleModuleBuilder.java:105)
    at org.apache.maven.lifecycle.internal.LifecycleModuleBuilder.buildProject (LifecycleModuleBuilder.java:73)
    at org.apache.maven.lifecycle.internal.builder.singlethreaded.SingleThreadedBuilder.build (SingleThreadedBuilder.java:53)
    at org.apache.maven.lifecycle.internal.LifecycleStarter.execute (LifecycleStarter.java:118)
    at org.apache.maven.DefaultMaven.doExecute (DefaultMaven.java:261)
    at org.apache.maven.DefaultMaven.doExecute (DefaultMaven.java:173)
    at org.apache.maven.DefaultMaven.execute (DefaultMaven.java:101)
    at org.apache.maven.cli.MavenCli.execute (MavenCli.java:919)
    at org.apache.maven.cli.MavenCli.doMain (MavenCli.java:285)
    at org.apache.maven.cli.MavenCli.main (MavenCli.java:207)
    at jdk.internal.reflect.DirectMethodHandleAccessor.invoke (DirectMethodHandleAccessor.java:104)
    at java.lang.reflect.Method.invoke (Method.java:565)
    at org.codehaus.plexus.classworlds.launcher.Launcher.launchEnhanced (Launcher.java:255)
    at org.codehaus.plexus.classworlds.launcher.Launcher.launch (Launcher.java:201)
    at org.codehaus.plexus.classworlds.launcher.Launcher.mainWithExitCode (Launcher.java:361)
    at org.codehaus.plexus.classworlds.launcher.Launcher.main (Launcher.java:314)
Caused by: org.apache.maven.plugin.MojoFailureException: 

Please refer to C:\Users\pchikkag\Documents\workspace-spring-tools-for-eclipse-5.0.1.RELEASE\SkyRoute\UserService\UserService\target\surefire-reports for the individual test results.
Please refer to dump files (if any exist) [date].dump, [date]-jvmRun[N].dump and [date].dumpstream.
    at org.apache.maven.plugin.surefire.SurefireHelper.throwException (SurefireHelper.java:247)
    at org.apache.maven.plugin.surefire.SurefireHelper.reportExecution (SurefireHelper.java:159)
    at org.apache.maven.plugin.surefire.SurefirePlugin.handleSummary (SurefirePlugin.java:542)
    at org.apache.maven.plugin.surefire.AbstractSurefireMojo.executeAfterPreconditionsChecked (AbstractSurefireMojo.java:1102)
    at org.apache.maven.plugin.surefire.AbstractSurefireMojo.execute (AbstractSurefireMojo.java:910)
    at org.apache.maven.plugin.DefaultBuildPluginManager.executeMojo (DefaultBuildPluginManager.java:126)
    at org.apache.maven.lifecycle.internal.MojoExecutor.doExecute2 (MojoExecutor.java:328)
    at org.apache.maven.lifecycle.internal.MojoExecutor.doExecute (MojoExecutor.java:316)
    at org.apache.maven.lifecycle.internal.MojoExecutor.execute (MojoExecutor.java:212)
    at org.apache.maven.lifecycle.internal.MojoExecutor.execute (MojoExecutor.java:174)
    at org.apache.maven.lifecycle.internal.MojoExecutor.access$000 (MojoExecutor.java:75)
    at org.apache.maven.lifecycle.internal.MojoExecutor$1.run (MojoExecutor.java:162)
    at org.apache.maven.plugin.DefaultMojosExecutionStrategy.execute (DefaultMojosExecutionStrategy.java:39)
    at org.apache.maven.lifecycle.internal.MojoExecutor.execute (MojoExecutor.java:159)
    at org.apache.maven.lifecycle.internal.LifecycleModuleBuilder.buildProject (LifecycleModuleBuilder.java:105)
    at org.apache.maven.lifecycle.internal.LifecycleModuleBuilder.buildProject (LifecycleModuleBuilder.java:73)
    at org.apache.maven.lifecycle.internal.builder.singlethreaded.SingleThreadedBuilder.build (SingleThreadedBuilder.java:53)
    at org.apache.maven.lifecycle.internal.LifecycleStarter.execute (LifecycleStarter.java:118)
    at org.apache.maven.DefaultMaven.doExecute (DefaultMaven.java:261)
    at org.apache.maven.DefaultMaven.doExecute (DefaultMaven.java:173)
    at org.apache.maven.DefaultMaven.execute (DefaultMaven.java:101)
    at org.apache.maven.cli.MavenCli.execute (MavenCli.java:919)
    at org.apache.maven.cli.MavenCli.doMain (MavenCli.java:285)
    at org.apache.maven.cli.MavenCli.main (MavenCli.java:207)
    at jdk.internal.reflect.DirectMethodHandleAccessor.invoke (DirectMethodHandleAccessor.java:104)
    at java.lang.reflect.Method.invoke (Method.java:565)
    at org.codehaus.plexus.classworlds.launcher.Launcher.launchEnhanced (Launcher.java:255)
    at org.codehaus.plexus.classworlds.launcher.Launcher.launch (Launcher.java:201)
    at org.codehaus.plexus.classworlds.launcher.Launcher.mainWithExitCode (Launcher.java:361)
    at org.codehaus.plexus.classworlds.launcher.Launcher.main (Launcher.java:314)
[ERROR] 
[ERROR] 
[ERROR] For more information about the errors and possible solutions, please read the following articles:
[ERROR] [Help 1] http://cwiki.apache.org/confluence/display/MAVEN/MojoFailureException
[DEBUG] Shutting down adapter factory; available factories [file-lock, rwlock-local, semaphore-local, noop]; available name mappers [discriminating, file-gaecv, file-gav, file-hgaecv, file-hgav, file-static, gaecv, gav, static]
[DEBUG] Shutting down 'file-lock' factory
[DEBUG] Shutting down 'rwlock-local' factory
[DEBUG] Shutting down 'semaphore-local' factory
[DEBUG] Shutting down 'noop' factory
